a_true,v_true,t_true,a_est,v_est,t_est,bias_a,bias_v,bias_t,se_a,se_v,se_t
1.06181,1.92607,0.39280,0.13593,14.31549,0.59571,-0.92588,12.38942,0.20291,0.85725,153.49776,0.04117
1.79926,1.40167,0.38323,0.49740,27.77522,0.88341,-1.30186,26.37355,0.50018,1.69484,695.56412,0.25018
0.95636,1.28713,0.27278,0.17537,7.90476,0.44373,-0.78099,6.61763,0.17095,0.60994,43.79303,0.02922
1.04954,1.18410,0.41407,0.19767,7.84419,0.72941,-0.85187,6.66009,0.31534,0.72568,44.35679,0.09944
1.41132,0.75579,0.12602,0.86101,0.59329,0.36550,-0.55031,-0.16250,0.23948,0.30284,0.02641,0.05735
1.16023,0.68306,0.29807,0.26217,5.91442,0.59424,-0.89806,5.23136,0.29617,0.80651,27.36713,0.08772
0.96757,1.28010,0.31868,0.16401,9.45408,0.54050,-0.80355,8.17398,0.22181,0.64570,66.81398,0.04920
0.79397,0.56784,0.23013,0.28888,1.76829,0.38012,-0.50509,1.20045,0.14999,0.25512,1.44109,0.02250
0.92140,1.31404,0.15637,0.22178,4.37098,0.31840,-0.69962,3.05693,0.16203,0.48947,9.34485,0.02625
1.72319,1.56029,0.39160,0.26879,8.17437,0.84877,-1.45440,6.61408,0.45717,2.11528,43.74610,0.20900
1.79466,1.43495,0.23236,0.26302,13.92874,0.69074,-1.53164,12.49379,0.45838,2.34591,156.09488,0.21011
1.45634,1.83082,0.28889,0.21235,17.25189,0.66822,-1.24398,15.42108,0.37934,1.54749,237.80956,0.14390
1.65645,1.24069,0.30909,0.31151,7.05352,0.81283,-1.34494,5.81283,0.50374,1.80888,33.78897,0.25375
1.26286,1.86135,0.19972,0.17937,14.00634,0.44820,-1.08349,12.14499,0.24848,1.17395,147.50082,0.06174
0.93463,0.74183,0.47188,0.53742,0.75446,0.63531,-0.39721,0.01263,0.16343,0.15777,0.00016,0.02671
0.77986,1.83884,0.31574,0.13753,7.98841,0.43682,-0.64233,6.14957,0.12108,0.41259,37.81718,0.01466
0.84190,1.14066,0.42721,0.26262,2.35718,0.57533,-0.57928,1.21652,0.14813,0.33557,1.47992,0.02194
0.83316,0.67980,0.23505,1.29669,0.07718,-0.01124,0.46352,-0.60261,-0.24629,0.21486,0.36314,0.06066
1.04544,1.95767,0.48498,0.12328,20.37807,0.64052,-0.92216,18.42039,0.15554,0.85038,339.31090,0.02419
0.55533,1.41435,0.30107,0.06006,23.08155,0.37813,-0.49527,21.66720,0.07706,0.24529,469.46768,0.00594
0.71734,1.23418,0.49426,0.13114,8.37756,0.62880,-0.58621,7.14338,0.13454,0.34364,51.02790,0.01810
1.59232,1.05167,0.35292,0.39619,3.91378,0.78178,-1.19614,2.86210,0.42886,1.43074,8.19164,0.18392
0.98117,0.77978,0.11631,0.32743,2.23218,0.27470,-0.65374,1.45241,0.15839,0.42737,2.10948,0.02509
0.76155,1.53641,0.25469,0.19104,3.24037,0.36989,-0.57051,1.70396,0.11520,0.32548,2.90348,0.01327
1.88704,1.81601,0.20318,0.29823,9.87309,0.68863,-1.58881,8.05708,0.48545,2.52433,64.91659,0.23566
0.86278,0.63965,0.45889,2.03853,0.04910,-0.43121,1.17575,-0.59056,-0.89010,1.38240,0.34876,0.79228
1.58893,1.84567,0.45483,0.22497,11.16732,0.80316,-1.36397,9.32166,0.34833,1.86040,86.89332,0.12133
1.84783,1.40964,0.10368,0.27563,13.29130,0.67057,-1.57220,11.88165,0.56689,2.47181,141.17369,0.32136
1.47794,0.83640,0.38487,0.34086,4.54904,0.91714,-1.13708,3.71263,0.53227,1.29295,13.78364,0.28331
1.77384,1.48642,0.32732,0.26578,13.78427,0.75258,-1.50806,12.29785,0.42526,2.27424,151.23702,0.18085
1.95952,1.08965,0.45682,0.54250,3.58689,1.11024,-1.41701,2.49724,0.65342,2.00792,6.23621,0.42696
1.23878,0.79286,0.38898,0.31825,3.88610,0.72387,-0.92052,3.09323,0.33489,0.84737,9.56810,0.11215
1.91069,1.93089,0.46595,0.41455,33.32686,0.95438,-1.49614,31.39597,0.48843,2.23844,985.70702,0.23857
1.77951,0.94167,0.25404,0.53855,2.29646,0.76249,-1.24096,1.35479,0.50846,1.53999,1.83545,0.25853
1.90423,1.54404,0.32802,0.45484,30.37440,0.87895,-1.44939,28.83036,0.55092,2.10074,831.18953,0.30352
1.61115,1.54552,0.38099,0.23384,12.59180,0.86109,-1.37732,11.04628,0.48009,1.89700,122.02025,0.23049
1.80061,1.86986,0.30454,0.27168,13.48485,0.77269,-1.52893,11.61499,0.46815,2.33763,134.90798,0.21916
1.69369,1.83501,0.23520,0.20763,17.64406,0.65946,-1.48605,15.80905,0.42426,2.20836,249.92609,0.18000
1.19840,1.31397,0.21462,0.25715,6.02996,0.48277,-0.94125,4.71599,0.26815,0.88595,22.24060,0.07191
1.28336,1.65499,0.18633,0.24288,8.01172,0.56763,-1.04048,6.35673,0.38130,1.08260,40.40804,0.14539
1.58914,1.96378,0.30652,0.22137,16.54920,0.64299,-1.36777,14.58542,0.33647,1.87078,212.73462,0.11321
0.61768,0.53803,0.48506,0.00000,0.00000,0.57017,-0.61768,-0.53803,0.08511,0.38153,0.28947,0.00724
0.73466,0.87536,0.31969,0.28555,1.78892,0.40911,-0.44911,0.91355,0.08942,0.20170,0.83458,0.00800
1.60685,1.33153,0.34469,0.25395,8.65224,0.76736,-1.35290,7.32071,0.42267,1.83033,53.59281,0.17865
0.52159,0.67411,0.11840,0.08190,11.83626,0.18802,-0.43969,11.16215,0.06961,0.19333,124.59368,0.00485
0.64675,1.23742,0.28939,0.08499,12.92637,0.36176,-0.56176,11.68894,0.07237,0.31558,136.63135,0.00524
1.45264,0.56796,0.24985,0.70661,1.03436,0.70399,-0.74603,0.46640,0.45415,0.55656,0.21753,0.20625
0.74440,0.60585,0.35697,0.13926,7.88884,0.50013,-0.60514,7.28299,0.14316,0.36619,53.04187,0.02050
1.08225,1.46493,0.28330,0.19821,7.82301,0.51425,-0.88405,6.35807,0.23095,0.78154,40.42510,0.05334
1.85803,0.79369,0.12774,0.48446,4.53541,0.77500,-1.37357,3.74173,0.64726,1.88669,14.00053,0.41895
1.76731,0.53491,0.42579,0.66824,1.64403,1.08467,-1.09907,1.10912,0.65889,1.20795,1.23014,0.43413
1.81621,1.60261,0.42139,0.25817,14.19021,0.95293,-1.55804,12.58760,0.53154,2.42747,158.44779,0.28253
1.98576,1.11893,0.24881,0.45344,4.29141,0.96973,-1.53232,3.17248,0.72092,2.34799,10.06464,0.51973
1.14349,1.62631,0.40182,0.17272,14.54509,0.65397,-0.97077,12.91878,0.25216,0.94239,166.89489,0.06358
0.98007,1.84328,0.25568,0.11141,32.88211,0.45251,-0.86866,31.03882,0.19683,0.75457,963.40865,0.03874
1.36016,1.44776,0.27938,0.19302,11.38332,0.67922,-1.16714,9.93556,0.39985,1.36221,98.71538,0.15988
1.68737,1.68443,0.13648,0.22841,12.89070,0.57808,-1.45895,11.20628,0.44160,2.12855,125.58062,0.19501
1.83156,1.02637,0.14683,0.46090,5.45082,0.81605,-1.37065,4.42445,0.66923,1.87869,19.57572,0.44786
0.62616,1.55145,0.12911,0.15292,4.04807,0.20897,-0.47324,2.49661,0.07986,0.22395,6.23307,0.00638
1.97996,1.06141,0.24826,0.58673,2.95639,0.84982,-1.39323,1.89498,0.60157,1.94109,3.59096,0.36188
1.66572,1.33761,0.26969,0.30653,5.65889,0.75112,-1.35919,4.32129,0.48144,1.84741,18.67353,0.23178
1.20299,0.58445,0.14753,0.37973,2.89313,0.51889,-0.82326,2.30867,0.37136,0.67776,5.32998,0.13791
1.94326,1.06231,0.21428,0.52659,2.94461,0.88401,-1.41667,1.88230,0.66972,2.00696,3.54306,0.44853
1.33078,1.95395,0.30924,0.20752,12.10637,0.58060,-1.12326,10.15242,0.27137,1.26172,103.07162,0.07364
1.37647,1.85174,0.11818,0.16359,17.99887,0.51345,-1.21288,16.14714,0.39527,1.47108,260.73001,0.15624
0.78218,1.19555,0.24134,0.18375,4.61115,0.34134,-0.59843,3.41561,0.10000,0.35812,11.66637,0.01000
1.52710,0.74393,0.46437,0.78777,1.07556,0.75731,-0.73932,0.33163,0.29294,0.54660,0.10998,0.08582
1.79910,0.56783,0.11055,0.65009,1.68994,0.78779,-1.14901,1.12212,0.67724,1.32022,1.25915,0.45866
1.95487,1.76318,0.43533,0.25732,14.23745,0.85580,-1.69756,12.47427,0.42047,2.88170,155.60748,0.17679
1.79708,1.71935,0.49989,0.32074,5.40817,1.03786,-1.47635,3.68882,0.53797,2.17960,13.60738,0.28941
1.77447,0.87102,0.28022,0.44935,4.88972,0.91396,-1.32512,4.01870,0.63375,1.75594,16.14996,0.40163
1.50755,1.42719,0.24327,0.30181,9.75599,0.65963,-1.20574,8.32880,0.41637,1.45382,69.36889,0.17336
1.28025,1.77827,0.32076,0.20104,10.92913,0.59766,-1.07920,9.15085,0.27690,1.16468,83.73812,0.07667
0.54317,1.63271,0.34812,0.09392,7.78198,0.41146,-0.44925,6.14928,0.06334,0.20183,37.81363,0.00401
1.02588,1.38488,0.25690,0.18800,8.24774,0.46814,-0.83788,6.86287,0.21124,0.70204,47.09894,0.04462
1.67548,1.09481,0.34883,0.48955,2.83179,0.85039,-1.18593,1.73698,0.50156,1.40644,3.01710,0.25156
1.18870,1.97005,0.29705,0.15807,15.89399,0.50302,-1.03064,13.92394,0.20597,1.06221,193.87616,0.04242
0.69332,0.69207,0.16076,0.15558,5.44592,0.25627,-0.53774,4.75385,0.09550,0.28916,22.59912,0.00912
1.84518,1.21094,0.36702,0.32348,9.10241,0.92657,-1.52171,7.89147,0.55955,2.31559,62.27528,0.31309
0.63305,0.68095,0.28431,0.10554,6.92503,0.38104,-0.52751,6.24408,0.09673,0.27827,38.98854,0.00936
0.55897,1.69912,0.35116,0.05536,28.01127,0.42220,-0.50361,26.31216,0.07104,0.25363,692.32968,0.00505
1.62239,0.77678,0.18374,0.46698,2.96860,0.89353,-1.15540,2.19182,0.70979,1.33496,4.80407,0.50380
1.19380,1.62121,0.11467,0.17942,12.24606,0.40343,-1.01438,10.62485,0.28876,1.02897,112.88743,0.08338
1.29817,0.66076,0.27896,0.44219,1.91612,0.58899,-0.85598,1.25536,0.31003,0.73270,1.57594,0.09612
0.53011,0.98312,0.18458,0.12537,4.93751,0.26437,-0.40473,3.95439,0.07979,0.16381,15.63724,0.00637
1.24766,0.63038,0.31484,0.62111,1.17674,0.57190,-0.62655,0.54636,0.25706,0.39257,0.29851,0.06608
0.92566,1.04462,0.35837,0.23341,4.15316,0.50929,-0.69225,3.10854,0.15093,0.47921,9.66301,0.02278
0.72929,0.86894,0.16427,0.13419,7.22397,0.27511,-0.59510,6.35503,0.11083,0.35414,40.38642,0.01228
0.62035,1.28677,0.26416,0.80508,0.12431,0.19087,0.18473,-1.16245,-0.07329,0.03412,1.35130,0.00537
1.79826,1.72561,0.20316,0.45287,30.50688,0.70036,-1.34540,28.78127,0.49720,1.81009,828.36176,0.24721
1.35742,0.91997,0.40780,0.25307,6.12702,0.76394,-1.10434,5.20705,0.35614,1.21958,27.11337,0.12684
0.86361,0.67226,0.34425,0.26565,2.75126,0.48221,-0.59796,2.07900,0.13797,0.35756,4.32226,0.01903
1.29888,0.57774,0.23464,0.37744,2.91071,0.65714,-0.92145,2.33298,0.42249,0.84907,5.44279,0.17850
1.52225,1.64034,0.33826,0.20312,12.36850,0.64276,-1.31913,10.72815,0.30450,1.74011,115.09327,0.09272
1.74593,1.94754,0.14972,0.21927,13.42855,0.56567,-1.52666,11.48101,0.41595,2.33070,131.81360,0.17301
1.76274,0.70966,0.41811,0.51319,3.02148,1.02448,-1.24955,2.31182,0.60637,1.56138,5.34451,0.36769
1.49780,1.28460,0.24353,0.33328,4.15949,0.71752,-1.16451,2.87489,0.47399,1.35609,8.26498,0.22466
1.06542,1.19402,0.22055,0.24752,4.43853,0.40759,-0.81790,3.24451,0.18704,0.66896,10.52683,0.03498
1.07584,1.31533,0.46259,0.25261,4.89599,0.65146,-0.82323,3.58066,0.18888,0.67771,12.82113,0.03567
1.69104,1.43011,0.31338,0.33231,5.85567,0.75812,-1.35873,4.42557,0.44474,1.84614,19.58563,0.19779
0.87273,1.61592,0.11341,0.14061,9.85890,0.28304,-0.73212,8.24298,0.16963,0.53600,67.94677,0.02877
1.73189,0.66595,0.43858,0.49817,3.11255,1.17304,-1.23371,2.44660,0.73445,1.52204,5.98587,0.53942
0.84388,1.58338,0.38801,0.17061,7.24910,0.54516,-0.67327,5.66572,0.15714,0.45329,32.10041,0.02469
1.01854,0.77240,0.46338,0.26057,2.80494,0.66579,-0.75797,2.03254,0.20241,0.57452,4.13123,0.04097
0.73003,1.37934,0.30236,0.14672,6.60729,0.42208,-0.58331,5.22795,0.11972,0.34025,27.33141,0.01433
1.88375,1.56086,0.16102,0.36580,8.04935,0.60035,-1.51795,6.48849,0.43934,2.30418,42.10054,0.19302
1.90155,1.88835,0.28034,0.48083,28.73248,0.75132,-1.42072,26.84413,0.47099,2.01844,720.60743,0.22183
1.09850,0.58214,0.23408,0.53809,0.75353,0.48636,-0.56042,0.17138,0.25228,0.31407,0.02937,0.06365
1.01952,1.02043,0.39500,0.19761,5.55962,0.61696,-0.82191,4.53919,0.22196,0.67554,20.60429,0.04927
0.76458,1.24755,0.26757,0.21261,2.40268,0.41119,-0.55197,1.15513,0.14362,0.30468,1.33433,0.02063
0.51964,1.49531,0.17121,0.27671,0.72519,0.21423,-0.24293,-0.77012,0.04301,0.05901,0.59308,0.00185
1.99531,1.25329,0.33815,0.41367,8.85624,0.92915,-1.58165,7.60295,0.59099,2.50160,57.80480,0.34927
0.80771,0.78603,0.11462,0.26388,2.34589,0.24115,-0.54383,1.55986,0.12653,0.29575,2.43317,0.01601
1.17993,1.28659,0.27631,0.21512,8.06325,0.51764,-0.96481,6.77667,0.24133,0.93086,45.92322,0.05824
1.79268,1.91917,0.24932,0.47858,28.86769,0.62562,-1.31410,26.94851,0.37629,1.72685,726.22230,0.14160
0.73423,1.57396,0.36357,0.07653,25.42549,0.47316,-0.65770,23.85153,0.10959,0.43256,568.89555,0.01201
0.52957,0.65616,0.41997,0.12470,4.96432,0.47468,-0.40487,4.30816,0.05472,0.16392,18.56021,0.00299
0.86476,1.58340,0.44228,0.15634,6.20073,0.63243,-0.70842,4.61733,0.19015,0.50186,21.31971,0.03616
0.93972,1.84450,0.10520,0.09371,26.80830,0.28910,-0.84601,24.96380,0.18390,0.71573,623.19107,0.03382
1.83901,1.72617,0.23673,0.21406,17.11473,0.79298,-1.62495,15.38856,0.55626,2.64047,236.80777,0.30942
1.43622,1.11412,0.32082,0.30180,5.74756,0.74167,-1.13443,4.63344,0.42085,1.28692,21.46881,0.17711
0.71017,1.80270,0.29497,0.15732,5.38584,0.39572,-0.55285,3.58314,0.10075,0.30564,12.83890,0.01015
0.90302,1.31245,0.35339,0.14917,9.29318,0.53545,-0.75384,7.98073,0.18206,0.56828,63.69203,0.03315
1.28854,0.75752,0.20892,0.28263,6.88499,0.49878,-1.00591,6.12747,0.28985,1.01185,37.54595,0.08402
1.47713,1.74461,0.18257,0.39059,35.37125,0.55148,-1.08654,33.62663,0.36891,1.18058,1130.75051,0.13609
1.49756,0.76306,0.46576,0.34004,3.63715,0.97132,-1.15752,2.87410,0.50555,1.33985,8.26043,0.25558
0.74943,1.60705,0.13312,0.10464,10.49854,0.24653,-0.64478,8.89149,0.11341,0.41574,79.05852,0.01286
1.03351,1.57857,0.21885,0.16151,9.60059,0.49033,-0.87200,8.02202,0.27149,0.76038,64.35281,0.07370
1.59886,0.82241,0.11247,0.43800,3.54013,0.59231,-1.16085,2.71772,0.47983,1.34758,7.38600,0.23024
1.39526,1.00137,0.40836,0.27477,7.08191,0.82370,-1.12049,6.08054,0.41534,1.25551,36.97299,0.17250
1.53260,1.15224,0.19856,0.42516,3.26066,0.66683,-1.10745,2.10842,0.46827,1.22644,4.44542,0.21928
1.38535,1.04146,0.13663,0.43310,2.23826,0.43629,-0.95224,1.19680,0.29965,0.90676,1.43232,0.08979
1.80942,1.59834,0.42262,0.30294,8.29307,0.96200,-1.50648,6.69473,0.53937,2.26948,44.81941,0.29092
1.23414,0.83181,0.49507,0.69661,0.73330,0.76324,-0.53752,-0.09852,0.26818,0.28893,0.00971,0.07192
1.54613,0.94602,0.46976,0.66647,1.27132,0.87222,-0.87966,0.32530,0.40246,0.77380,0.10582,0.16197
1.76682,0.97865,0.43157,0.39678,7.42086,0.92899,-1.37005,6.44221,0.49742,1.87703,41.50210,0.24743
0.61543,1.54443,0.23595,0.11792,6.19813,0.31868,-0.49751,4.65370,0.08273,0.24752,21.65692,0.00684
1.68608,0.97813,0.35036,0.55172,2.24164,0.76922,-1.13436,1.26351,0.41886,1.28678,1.59647,0.17544
1.80515,0.53190,0.44988,0.97235,0.99697,0.93795,-0.83280,0.46506,0.48807,0.69356,0.21628,0.23821
1.44126,1.81052,0.49363,0.16701,13.15631,0.76458,-1.27425,11.34579,0.27095,1.62371,128.72703,0.07341
0.85817,0.66571,0.24185,0.23275,3.14028,0.38503,-0.62542,2.47457,0.14318,0.39115,6.12349,0.02050
0.52681,1.98158,0.27111,0.06827,16.09278,0.32510,-0.45854,14.11120,0.05399,0.21026,199.12600,0.00291
1.67952,0.63412,0.26703,1.13561,0.54511,0.59582,-0.54391,-0.08900,0.32879,0.29583,0.00792,0.10810
0.75055,1.98675,0.19267,0.15358,6.31194,0.32404,-0.59697,4.32519,0.13137,0.35637,18.70723,0.01726
0.84600,0.76479,0.18819,0.21879,4.43063,0.33589,-0.62721,3.66584,0.14770,0.39339,13.43836,0.02181
1.95365,1.82568,0.47110,0.24706,8.89339,0.94509,-1.70659,7.06771,0.47399,2.91246,49.95252,0.22467
1.54403,0.73084,0.42633,0.37490,3.69773,0.94967,-1.16913,2.96689,0.52333,1.36686,8.80241,0.27388
1.37013,0.63723,0.45098,0.49664,2.21210,0.86707,-0.87349,1.57487,0.41608,0.76299,2.48021,0.17313
0.63048,1.11268,0.24908,0.12840,7.54990,0.34034,-0.50208,6.43722,0.09126,0.25209,41.43778,0.00833
0.83027,1.52489,0.13045,0.16812,5.03982,0.20950,-0.66215,3.51493,0.07905,0.43845,12.35472,0.00625
1.73702,1.02171,0.37121,0.40917,4.23927,0.98434,-1.32785,3.21755,0.61314,1.76318,10.35264,0.37594
1.48768,1.77587,0.44692,0.23083,10.88386,0.82232,-1.25685,9.10799,0.37540,1.57967,82.95550,0.14093
1.42792,1.62907,0.16344,0.25065,6.92028,0.50387,-1.17726,5.29120,0.34043,1.38595,27.99684,0.11589
1.61526,0.74114,0.42719,0.71591,1.18352,0.87370,-0.89935,0.44238,0.44651,0.80883,0.19570,0.19937
1.42539,1.97178,0.35273,0.22402,16.35324,0.69045,-1.20137,14.38146,0.33772,1.44328,206.82633,0.11406
0.66047,1.64154,0.31651,0.16327,3.12876,0.42471,-0.49720,1.48722,0.10821,0.24721,2.21181,0.01171
0.65376,1.90584,0.37515,0.05741,33.89465,0.48223,-0.59635,31.98881,0.10707,0.35564,1023.28381,0.01146
1.37326,1.01882,0.34837,0.24751,8.87744,0.76303,-1.12575,7.85861,0.41466,1.26731,61.75781,0.17194
0.53319,0.98542,0.29546,0.27980,1.08036,0.34056,-0.25339,0.09494,0.04510,0.06421,0.00901,0.00203
1.99569,1.13927,0.28055,0.45785,6.43095,1.01604,-1.53784,5.29168,0.73549,2.36494,28.00183,0.54094
0.62357,1.52075,0.36180,0.08148,15.17855,0.45834,-0.54209,13.65780,0.09654,0.29386,186.53542,0.00932
1.45779,1.09639,0.20969,0.51869,1.63353,0.63643,-0.93910,0.53714,0.42674,0.88191,0.28852,0.18211
0.81966,0.54670,0.36067,0.37061,1.37834,0.49051,-0.44905,0.83164,0.12985,0.20165,0.69163,0.01686
0.77829,1.80293,0.41064,0.13699,8.01992,0.54455,-0.64130,6.21699,0.13391,0.41127,38.65093,0.01793
0.69687,0.54879,0.46834,0.46289,0.65302,0.53374,-0.23397,0.10424,0.06540,0.05474,0.01087,0.00428
0.68778,1.52835,0.27212,0.09061,15.29901,0.36861,-0.59717,13.77066,0.09649,0.35661,189.63117,0.00931
0.90349,1.69634,0.22414,0.09651,16.06691,0.38424,-0.80698,14.37057,0.16010,0.65122,206.51328,0.02563
0.93749,1.54247,0.44405,0.15717,7.86901,0.62603,-0.78033,6.32653,0.18198,0.60891,40.02502,0.03312
0.86307,1.97999,0.15700,0.11807,14.69097,0.33331,-0.74500,12.71098,0.17632,0.55502,161.56899,0.03109
0.51466,0.98969,0.30708,0.07149,13.55940,0.36848,-0.44316,12.56970,0.06139,0.19639,157.99747,0.00377
1.09538,0.69907,0.32702,0.50234,1.23230,0.53109,-0.59304,0.53323,0.20408,0.35170,0.28433,0.04165
0.65685,1.45465,0.38259,0.07642,22.69679,0.50488,-0.58043,21.24214,0.12229,0.33690,451.22866,0.01495
1.57113,1.70259,0.23578,0.24683,8.90179,0.68814,-1.32430,7.19920,0.45236,1.75378,51.82844,0.20463
1.46537,1.28960,0.39264,0.23231,12.67465,0.75060,-1.23306,11.38505,0.35796,1.52043,129.61936,0.12813
1.48806,1.24729,0.32215,0.33130,4.68027,0.73642,-1.15676,3.43298,0.41428,1.33809,11.78532,0.17163
1.52034,0.60830,0.11226,0.48567,2.54652,0.67472,-1.03468,1.93823,0.56246,1.07056,3.75672,0.31636
1.61406,1.13824,0.23837,0.38360,5.07278,0.73835,-1.23046,3.93454,0.49998,1.51404,15.48064,0.24998
1.58789,1.23000,0.44937,0.36438,3.80453,0.80938,-1.22351,2.57452,0.36001,1.49697,6.62817,0.12960
1.86855,0.81599,0.34919,0.63147,2.19532,0.94124,-1.23707,1.37933,0.59206,1.53034,1.90255,0.35053
1.86355,0.76952,0.19502,0.99550,0.73419,0.73260,-0.86805,-0.03534,0.53758,0.75351,0.00125,0.28899
0.87085,1.80612,0.27812,0.09741,15.91813,0.45694,-0.77344,14.11201,0.17881,0.59820,199.14880,0.03197
1.08662,1.95412,0.20325,0.13160,14.78635,0.44771,-0.95502,12.83223,0.24446,0.91207,164.66608,0.05976
1.95473,1.18068,0.19442,0.33438,10.95616,0.86414,-1.62035,9.77548,0.66972,2.62554,95.55996,0.44853
1.74333,1.14633,0.19949,0.40435,4.81237,0.68794,-1.33897,3.66604,0.48846,1.79284,13.43982,0.23859
0.55501,1.60460,0.36552,0.08378,11.57138,0.43970,-0.47123,9.96678,0.07418,0.22206,99.33663,0.00550
1.80241,0.80876,0.14477,0.45916,3.77776,0.79992,-1.34325,2.96900,0.65515,1.80431,8.81494,0.42922
0.55902,0.68316,0.28088,0.59574,-0.16800,0.27020,0.03672,-0.85116,-0.01068,0.00135,0.72448,0.00011
0.72251,1.97995,0.48605,0.07112,41.40062,0.59925,-0.65139,39.42068,0.11320,0.42431,1553.98963,0.01281
1.18211,1.27339,0.29554,0.21461,6.45958,0.62189,-0.96750,5.18619,0.32635,0.93606,26.89654,0.10651
1.51015,1.95487,0.13756,0.18794,15.66671,0.52262,-1.32221,13.71185,0.38506,1.74823,188.01470,0.14827
1.53894,1.75717,0.47785,0.21899,11.47236,0.95947,-1.31995,9.71519,0.48162,1.74227,94.38494,0.23196
1.35591,0.54558,0.47238,0.78068,0.79294,0.70388,-0.57523,0.24736,0.23150,0.33089,0.06119,0.05359
1.09080,1.47685,0.14264,0.20905,6.63129,0.37758,-0.88174,5.15444,0.23494,0.77747,26.56830,0.05520
1.67358,1.35052,0.39538,0.30913,5.61118,0.77749,-1.36445,4.26066,0.38211,1.86171,18.15321,0.14601
1.71177,1.64343,0.41913,0.26046,11.30468,0.86260,-1.45131,9.66125,0.44348,2.10630,93.33975,0.19667
0.50864,0.98688,0.24658,0.12405,4.99029,0.29900,-0.38459,4.00342,0.05242,0.14791,16.02733,0.00275
0.85632,1.05988,0.19091,0.15000,10.33736,0.39379,-0.70632,9.27748,0.20288,0.49888,86.07161,0.04116
1.19524,1.06968,0.44533,0.28308,4.36892,0.72483,-0.91216,3.29924,0.27950,0.83204,10.88498,0.07812
1.07029,1.09823,0.33207,0.27105,4.05313,0.61774,-0.79924,2.95489,0.28567,0.63879,8.73140,0.08161
1.57718,1.93329,0.10729,0.21197,17.28286,0.46184,-1.36521,15.34958,0.35455,1.86380,235.60957,0.12571
0.59040,1.90165,0.24065,0.05684,30.51979,0.30209,-0.53357,28.61814,0.06144,0.28469,818.99798,0.00378
0.96093,1.70454,0.31566,0.13917,13.98177,0.53769,-0.82176,12.27723,0.22202,0.67529,150.73033,0.04929
1.12032,0.68283,0.17246,0.41979,1.47465,0.43312,-0.70054,0.79182,0.26066,0.49075,0.62697,0.06794
0.66032,1.35097,0.20263,0.33133,0.91232,0.29591,-0.32898,-0.43865,0.09329,0.10823,0.19241,0.00870
0.56512,1.44973,0.48056,0.10741,6.80487,0.55393,-0.45771,5.35514,0.07336,0.20950,28.67758,0.00538
0.81807,1.41647,0.26441,0.20112,4.21289,0.40042,-0.61695,2.79642,0.13601,0.38062,7.81995,0.01850
1.67079,0.91221,0.42905,0.46352,3.34525,0.92293,-1.20727,2.43305,0.49389,1.45750,5.91971,0.24392
1.17765,1.37991,0.16721,0.24618,5.63119,0.42786,-0.93147,4.25128,0.26065,0.86764,18.07337,0.06794
0.53546,1.46296,0.34284,0.08181,8.93445,0.40460,-0.45365,7.47150,0.06176,0.20580,55.82326,0.00381
1.24515,1.98168,0.15458,0.12747,17.23694,0.37181,-1.11768,15.25526,0.21724,1.24921,232.72298,0.04719
1.53865,1.98688,0.15136,0.39137,35.30015,0.52092,-1.14728,33.31326,0.36956,1.31626,1109.77359,0.13657
0.61913,0.62849,0.45768,0.12408,5.89065,0.53521,-0.49505,5.26217,0.07754,0.24508,27.69040,0.00601
0.60414,1.27859,0.12705,0.14193,3.59907,0.21168,-0.46220,2.32048,0.08463,0.21363,5.38465,0.00716
1.47632,1.29944,0.22973,0.32749,6.70932,0.66860,-1.14883,5.40988,0.43887,1.31981,29.26682,0.19261
1.19781,0.59021,0.32492,1.51936,0.13208,0.11796,0.32155,-0.45814,-0.20696,0.10339,0.20989,0.04283
1.30374,0.64501,0.28015,0.57059,1.08491,0.67013,-0.73315,0.43989,0.38999,0.53751,0.19351,0.15209
1.89077,0.85196,0.25973,0.48149,4.56336,1.06897,-1.40928,3.71139,0.80925,1.98606,13.77444,0.65488
1.43538,0.63369,0.40211,0.43267,3.20403,0.87481,-1.00271,2.57034,0.47271,1.00542,6.60666,0.22345
0.55424,0.95469,0.20525,0.13150,4.70755,0.25840,-0.42274,3.75286,0.05315,0.17871,14.08392,0.00283
1.17080,1.40089,0.30627,0.27329,4.01997,0.58016,-0.89752,2.61908,0.27389,0.80554,6.85959,0.07502
0.81277,1.89589,0.14655,0.11934,10.36362,0.29795,-0.69343,8.46773,0.15141,0.48084,71.70247,0.02292
1.70889,1.68505,0.22187,0.41066,33.64227,0.60724,-1.29823,31.95723,0.38537,1.68540,1021.26444,0.14851
1.01915,1.96342,0.35639,0.16122,9.61807,0.54806,-0.85793,7.65465,0.19167,0.73605,58.59373,0.03674
1.64721,0.76226,0.30103,0.44396,3.12253,0.83157,-1.20325,2.36027,0.53054,1.44781,5.57088,0.28148
0.53872,0.70275,0.48525,0.25000,1.20911,0.54079,-0.28872,0.50636,0.05554,0.08336,0.25640,0.00308
1.25921,1.15927,0.14227,0.23884,5.80433,0.49107,-1.02038,4.64506,0.34881,1.04117,21.57660,0.12167
0.72804,0.59202,0.41230,0.24916,2.05021,0.53011,-0.47888,1.45819,0.11780,0.22933,2.12631,0.01388
0.85877,0.71337,0.14855,0.20705,4.09221,0.32419,-0.65172,3.37884,0.17563,0.42474,11.41654,0.03085
1.26413,1.99505,0.42559,0.13130,19.13335,0.72247,-1.13283,17.13830,0.29688,1.28330,293.72134,0.08814
1.13913,0.69607,0.45464,0.33272,2.54656,0.71694,-0.80640,1.85049,0.26230,0.65029,3.42432,0.06880
1.74131,1.60042,0.40772,0.32864,42.03783,0.85271,-1.41266,40.43741,0.44499,1.99561,1635.18387,0.19801
0.88972,1.64043,0.15484,0.13862,10.00045,0.29866,-0.75110,8.36002,0.14382,0.56415,69.88992,0.02068
1.18157,1.76654,0.13923,0.14642,15.00604,0.38201,-1.03514,13.23950,0.24278,1.07152,175.28440,0.05894
1.21403,1.06383,0.25779,0.27560,5.03015,0.57753,-0.93843,3.96631,0.31974,0.88065,15.73165,0.10223
1.68036,0.97311,0.37525,0.39116,4.43446,0.97489,-1.28919,3.46135,0.59964,1.66202,11.98092,0.35957
1.85264,1.19222,0.35488,0.44312,4.39133,0.96088,-1.40952,3.19911,0.60600,1.98674,10.23430,0.36723
0.59998,1.27761,0.16007,0.17192,2.97126,0.26076,-0.42806,1.69365,0.10069,0.18323,2.86844,0.01014
0.62719,1.57449,0.12883,0.08180,18.95487,0.20921,-0.54538,17.38038,0.08037,0.29744,302.07769,0.00646
1.02455,1.66198,0.36455,0.14717,14.92947,0.60502,-0.87738,13.26749,0.24047,0.76980,176.02625,0.05783
0.53142,0.62326,0.48714,0.16040,3.18460,0.55628,-0.37101,2.56134,0.06914,0.13765,6.56046,0.00478
0.80853,0.68208,0.34601,0.65992,0.45805,0.40670,-0.14861,-0.22403,0.06069,0.02208,0.05019,0.00368
1.95273,1.69807,0.21713,0.37156,5.91351,0.81304,-1.58117,4.21544,0.59591,2.50011,17.76995,0.35511
1.71765,1.48472,0.15124,0.21960,13.40798,0.57795,-1.49805,11.92327,0.42672,2.24416,142.16426,0.18209
1.41941,1.91461,0.19628,0.17842,20.53357,0.52483,-1.24099,18.61896,0.32855,1.54006,346.66551,0.10795
0.92886,1.72392,0.44455,0.16392,7.54512,0.61386,-0.76494,5.82120,0.16931,0.58514,33.88631,0.02867
1.19081,1.76300,0.39140,0.19380,8.95027,0.61473,-0.99701,7.18727,0.22333,0.99402,51.65683,0.04988
1.97700,1.90608,0.11727,0.40501,34.11166,0.62773,-1.57200,32.20558,0.51046,2.47117,1037.19948,0.26057
0.82027,1.25878,0.43628,0.21453,3.94949,0.62527,-0.60573,2.69071,0.18899,0.36691,7.23994,0.03572
0.94632,1.34753,0.37555,0.26038,3.25402,0.58941,-0.68594,1.90649,0.21385,0.47051,3.63470,0.04573
1.19234,0.51400,0.19867,0.81056,0.50023,0.43829,-0.38178,-0.01377,0.23962,0.14575,0.00019,0.05742
1.33263,1.59961,0.34639,0.17773,16.56699,0.71705,-1.15490,14.96738,0.37065,1.33379,224.02246,0.13738
0.50784,1.64149,0.11412,0.08786,7.04579,0.16195,-0.41999,5.40430,0.04783,0.17639,29.20648,0.00229
0.95841,1.81498,0.49853,0.11814,16.47074,0.72035,-0.84026,14.65576,0.22181,0.70604,214.79137,0.04920
1.38957,1.08729,0.26505,0.31346,4.42257,0.71095,-1.07611,3.33528,0.44590,1.15801,11.12408,0.19882
1.38230,1.22146,0.35693,0.29507,8.51415,0.80561,-1.08723,7.29269,0.44868,1.18207,53.18328,0.20131
1.40523,1.51470,0.42200,0.25175,9.97918,0.77616,-1.15348,8.46448,0.35416,1.33051,71.64743,0.12543
0.58783,1.00136,0.41396,0.24348,1.66527,0.48426,-0.34434,0.66391,0.07031,0.11857,0.44078,0.00494
0.72118,0.99229,0.27361,0.09693,12.75918,0.40393,-0.62425,11.76689,0.13032,0.38969,138.45979,0.01698
1.99752,1.89967,0.35703,0.27704,13.22359,0.91531,-1.72048,11.32392,0.55828,2.96004,128.23109,0.31168
1.11486,1.75970,0.25353,0.16393,11.87060,0.45065,-0.95093,10.11090,0.19712,0.90427,102.23025,0.03886
1.00177,0.53930,0.10968,0.97326,0.20618,0.12305,-0.02851,-0.33311,0.01337,0.00081,0.11096,0.00018
1.91102,0.88895,0.27186,0.68569,1.80366,0.87602,-1.22533,0.91472,0.60415,1.50142,0.83671,0.36500
1.18728,1.22445,0.15339,0.23479,9.35832,0.44347,-0.95249,8.13387,0.29008,0.90724,66.15978,0.08415
1.59426,1.64827,0.16356,0.22645,11.09415,0.59263,-1.36781,9.44588,0.42907,1.87090,89.22462,0.18410
1.93492,0.60344,0.12282,0.63683,2.17686,0.78405,-1.29809,1.57342,0.66123,1.68504,2.47566,0.43723
0.87432,0.90792,0.40376,0.22509,3.76420,0.56126,-0.64923,2.85627,0.15750,0.42149,8.15831,0.02481
1.85966,0.70887,0.31297,0.60787,2.28057,1.06099,-1.25179,1.57170,0.74802,1.56697,2.47024,0.55953
1.49568,1.94509,0.32407,0.18974,11.58020,0.65792,-1.30595,9.63511,0.33385,1.70549,92.83535,0.11146
1.59623,1.97195,0.20261,0.17113,17.20614,0.58178,-1.42511,15.23419,0.37917,2.03093,232.08055,0.14377
1.95801,1.41279,0.23980,0.32001,11.44803,0.80736,-1.63799,10.03524,0.56756,2.68303,100.70599,0.32212
1.77592,1.34183,0.30936,0.34017,10.76973,0.87225,-1.43576,9.42790,0.56289,2.06139,88.88524,0.31685
1.56175,1.31531,0.13269,0.28482,7.71436,0.50641,-1.27693,6.39905,0.37372,1.63055,40.94782,0.13967
1.77496,1.50353,0.28492,0.35891,8.20376,0.81593,-1.41605,6.70022,0.53101,2.00520,44.89299,0.28197
1.26875,1.70961,0.28370,0.18310,20.00858,0.55203,-1.08566,18.29897,0.26833,1.17865,334.85243,0.07200
0.74706,0.99532,0.40270,0.18350,3.98296,0.53359,-0.56356,2.98764,0.13088,0.31760,8.92600,0.01713
1.80587,0.85819,0.28050,0.86223,0.84767,0.78095,-0.94364,-0.01052,0.50045,0.89046,0.00011,0.25045
1.30805,1.24672,0.14219,0.30394,5.10161,0.45703,-1.00411,3.85489,0.31484,1.00824,14.86016,0.09912
1.94671,0.80565,0.30933,0.61905,3.14339,1.06258,-1.32767,2.33774,0.75324,1.76271,5.46505,0.56738
1.69687,1.09396,0.46604,0.34018,5.72019,1.04325,-1.35669,4.62623,0.57721,1.84061,21.40201,0.33317
0.97514,1.78577,0.46246,0.12058,16.13836,0.63836,-0.85457,14.35259,0.17590,0.73028,205.99677,0.03094
1.48144,0.72816,0.27613,0.64094,1.51245,0.68332,-0.84049,0.78430,0.40719,0.70643,0.61512,0.16580
1.12664,1.97617,0.36717,0.13785,15.93942,0.56057,-0.98879,13.96325,0.19340,0.97771,194.97248,0.03740
1.33963,1.29110,0.38774,0.30667,4.03283,0.73800,-1.03296,2.74173,0.35026,1.06701,7.51706,0.12268
1.78727,1.72860,0.31632,0.20196,14.57945,0.76586,-1.58531,12.85085,0.44954,2.51320,165.14435,0.20209
1.18890,1.03670,0.29768,0.36285,2.33512,0.54154,-0.82605,1.29842,0.24386,0.68236,1.68589,0.05947
1.73897,0.65096,0.19595,0.41292,3.75516,0.78729,-1.32604,3.10420,0.59134,1.75839,9.63606,0.34969
1.47672,1.43139,0.24095,0.27977,6.20008,0.64950,-1.19695,4.76869,0.40855,1.43269,22.74036,0.16692
0.68940,1.51427,0.23004,0.14250,5.94578,0.32877,-0.54689,4.43152,0.09873,0.29909,19.63834,0.00975
0.91891,1.46432,0.37766,0.14074,9.85001,0.53440,-0.77817,8.38569,0.15674,0.60555,70.31976,0.02457
0.95592,1.47974,0.47532,0.22952,4.22357,0.67758,-0.72640,2.74382,0.20226,0.52765,7.52856,0.04091
0.89043,1.86079,0.36829,0.10990,14.10913,0.52571,-0.78053,12.24834,0.15742,0.60923,150.02186,0.02478
1.79685,1.31997,0.25216,0.36752,4.21907,0.77575,-1.42933,2.89910,0.52359,2.04297,8.40477,0.27414
1.60986,1.87711,0.21201,0.21241,11.82737,0.61599,-1.39744,9.95026,0.40398,1.95285,99.00765,0.16320
1.70736,0.52701,0.48512,0.90603,0.80669,1.04921,-0.80133,0.27968,0.56409,0.64213,0.07822,0.31819
1.80913,0.66887,0.38147,0.63349,1.95229,1.00277,-1.17564,1.28342,0.62130,1.38213,1.64717,0.38601
1.20315,0.95190,0.33934,0.24623,5.63006,0.69652,-0.95692,4.67816,0.35718,0.91570,21.88522,0.12758
1.85434,1.77840,0.36712,0.25479,11.55620,0.83576,-1.59955,9.77781,0.46864,2.55856,95.60551,0.21963
0.55201,1.37421,0.49818,0.17976,2.25552,0.55610,-0.37224,0.88131,0.05793,0.13856,0.77671,0.00336
1.39847,0.67240,0.13754,0.94635,0.53979,0.43078,-0.45212,-0.13261,0.29324,0.20441,0.01759,0.08599
1.35766,1.27617,0.27217,0.23884,8.14724,0.70079,-1.11882,6.87107,0.42862,1.25175,47.21157,0.18371
1.83878,1.16507,0.34284,0.44228,4.39966,1.05148,-1.39650,3.23459,0.70864,1.95021,10.46258,0.50217
1.26855,0.65634,0.25380,0.47955,1.76684,0.60069,-0.78899,1.11050,0.34689,0.62251,1.23321,0.12033
1.61539,1.25940,0.35364,0.24601,11.96867,0.79307,-1.36938,10.70927,0.43943,1.87520,114.68838,0.19310
0.56847,0.71004,0.21073,0.30493,-0.65810,0.26501,-0.26355,-1.36813,0.05428,0.06946,1.87179,0.00295
1.41617,0.92102,0.18280,0.36252,3.41153,0.57708,-1.05365,2.49050,0.39428,1.11017,6.20259,0.15546
1.35807,1.26900,0.21740,0.35195,3.12151,0.52643,-1.00612,1.85250,0.30904,1.01229,3.43177,0.09551
0.67076,1.01783,0.30296,0.35323,0.85577,0.40669,-0.31753,-0.16206,0.10373,0.10083,0.02626,0.01076
0.69723,0.91210,0.25783,0.16346,4.47139,0.38157,-0.53378,3.55930,0.12374,0.28492,12.66858,0.01531
1.41186,0.96406,0.42952,0.61117,1.19589,0.74725,-0.80069,0.23183,0.31773,0.64111,0.05374,0.10096
0.58929,1.40569,0.37464,0.05694,21.71867,0.44735,-0.53234,20.31298,0.07272,0.28339,412.61715,0.00529
0.68154,1.12842,0.40047,0.08658,16.01170,0.50639,-0.59496,14.88328,0.10591,0.35397,221.51210,0.01122
1.50286,1.51800,0.24477,0.27042,8.12521,0.64466,-1.23244,6.60721,0.39989,1.51891,43.65522,0.15991
1.58596,0.68084,0.46098,0.42346,4.09623,0.91572,-1.16250,3.41539,0.45474,1.35140,11.66490,0.20679
1.13305,0.94256,0.29440,0.34969,2.77219,0.48669,-0.78336,1.82963,0.19229,0.61366,3.34755,0.03698
1.47844,1.76841,0.37700,0.22523,13.07268,0.67994,-1.25320,11.30427,0.30294,1.57052,127.78659,0.09177
1.68348,1.16963,0.41935,0.37375,4.14876,0.81327,-1.30973,2.97913,0.39391,1.71539,8.87524,0.15517
1.05676,1.40161,0.38223,0.20183,6.12773,0.57821,-0.85493,4.72612,0.19598,0.73090,22.33618,0.03841
0.71389,1.83515,0.23835,0.07930,21.87318,0.34963,-0.63459,20.03804,0.11128,0.40270,401.52295,0.01238
1.01091,0.60757,0.26385,0.41864,1.74584,0.50030,-0.59226,1.13827,0.23645,0.35077,1.29566,0.05591
0.82684,1.98205,0.28160,0.10021,13.83402,0.41937,-0.72663,11.85197,0.13777,0.52799,140.46920,0.01898
1.25818,1.94603,0.25368,0.14849,24.67114,0.51983,-1.10969,22.72511,0.26614,1.23141,516.43068,0.07083
0.53503,1.63432,0.28341,0.06899,15.92400,0.34885,-0.46604,14.28968,0.06544,0.21719,204.19505,0.00428
1.40441,1.74006,0.49361,0.20332,14.48192,0.82206,-1.20110,12.74186,0.32846,1.44263,162.35490,0.10788
1.01058,1.31211,0.16166,0.20648,5.98979,0.41978,-0.80410,4.67768,0.25812,0.64658,21.88069,0.06663
1.16066,0.95350,0.20373,0.24206,5.72702,0.49070,-0.91860,4.77352,0.28696,0.84383,22.78650,0.08235
1.94963,1.33656,0.23891,0.31939,7.86600,0.83806,-1.63024,6.52944,0.59915,2.65768,42.63357,0.35898
1.23335,1.10267,0.49754,0.44246,2.19093,0.82855,-0.79089,1.08826,0.33101,0.62550,1.18432,0.10956
0.80197,1.09271,0.11578,0.19244,4.40292,0.22888,-0.60953,3.31021,0.11310,0.37152,10.95749,0.01279
1.86418,1.58321,0.31335,0.29839,7.36346,0.84601,-1.56579,5.78025,0.53266,2.45169,33.41128,0.28372
1.69132,0.91365,0.45084,0.56174,1.72571,0.96850,-1.12958,0.81206,0.51767,1.27594,0.65944,0.26798
1.22511,1.79532,0.33549,0.15052,16.69118,0.57509,-1.07459,14.89586,0.23960,1.15475,221.88671,0.05741
1.07981,1.26691,0.29693,0.21830,5.66537,0.57739,-0.86151,4.39846,0.28046,0.74220,19.34642,0.07866
1.36029,1.93407,0.18019,0.19414,18.87100,0.47280,-1.16616,16.93692,0.29262,1.35993,286.85941,0.08562
1.83964,0.59369,0.45339,0.78131,1.40611,1.31313,-1.05832,0.81242,0.85975,1.12004,0.66003,0.73916
0.52867,1.21527,0.37509,0.17459,2.32242,0.42844,-0.35409,1.10716,0.05335,0.12538,1.22580,0.00285
1.03807,1.70666,0.21150,0.15058,14.59198,0.40890,-0.88750,12.88532,0.19740,0.78765,166.03160,0.03897
1.60680,1.75122,0.39619,0.24602,14.89129,0.83268,-1.36079,13.14007,0.43649,1.85174,172.66143,0.19052
1.64917,1.76888,0.34544,0.39277,35.17481,0.71898,-1.25641,33.40592,0.37354,1.57856,1115.95580,0.13953
1.11066,0.59901,0.23953,0.30591,3.59128,0.44353,-0.80475,2.99226,0.20401,0.64762,8.95364,0.04162
1.25094,1.69177,0.38283,0.15546,23.56528,0.66426,-1.09547,21.87351,0.28143,1.20006,478.45036,0.07920
0.84858,0.92151,0.42139,0.54910,0.55050,0.53613,-0.29947,-0.37101,0.11473,0.08968,0.13765,0.01316
1.21466,0.83904,0.35619,0.94726,0.42804,0.40349,-0.26739,-0.41101,0.04730,0.07150,0.16893,0.00224
0.68438,1.83299,0.30123,0.09873,14.04117,0.42647,-0.58565,12.20819,0.12524,0.34299,149.03981,0.01569
1.52393,0.86290,0.38558,0.64286,1.50794,0.81402,-0.88106,0.64504,0.42844,0.77627,0.41608,0.18356
0.71431,1.66302,0.20856,0.09852,12.55342,0.31079,-0.61579,10.89040,0.10223,0.37920,118.60082,0.01045
0.58150,1.62297,0.22703,0.04849,60.71929,0.29917,-0.53301,59.09633,0.07214,0.28410,3492.37574,0.00520
1.56046,0.59403,0.43574,0.33756,6.50917,1.04333,-1.22291,5.91513,0.60760,1.49550,34.98877,0.36917
0.65284,1.04035,0.20816,0.23419,1.73135,0.31078,-0.41865,0.69100,0.10262,0.17527,0.47749,0.01053
1.15073,1.86491,0.25093,0.18093,7.66204,0.49554,-0.96980,5.79713,0.24462,0.94051,33.60671,0.05984
1.08147,1.44907,0.38154,0.13309,27.52602,0.63941,-0.94838,26.07695,0.25787,0.89942,680.00728,0.06650
1.94907,1.64156,0.48031,0.28513,10.32651,0.97721,-1.66394,8.68495,0.49690,2.76869,75.42838,0.24691
1.46622,0.57228,0.24402,1.66506,0.18154,-0.11949,0.19884,-0.39074,-0.36351,0.03954,0.15267,0.13214
0.81332,1.05306,0.24793,0.14290,10.85056,0.39058,-0.67042,9.79750,0.14266,0.44946,95.99104,0.02035
1.77552,0.81799,0.36294,0.53775,2.88347,0.95304,-1.23777,2.06548,0.59010,1.53207,4.26621,0.34822
1.41163,0.94295,0.15464,0.44251,2.79485,0.49923,-0.96911,1.85189,0.34459,0.93918,3.42951,0.11874
1.09270,1.56981,0.17969,0.17987,6.87572,0.38820,-0.91282,5.30591,0.20852,0.83325,28.15273,0.04348
0.66727,1.27379,0.20704,0.18372,2.78047,0.30078,-0.48355,1.50667,0.09374,0.23382,2.27007,0.00879
1.10643,1.29641,0.33805,0.15762,18.68021,0.61441,-0.94881,17.38380,0.27636,0.90024,302.19661,0.07637
1.51631,0.96780,0.40960,0.43824,2.82209,0.88357,-1.07807,1.85429,0.47398,1.16224,3.43840,0.22465
0.52542,1.65524,0.42286,0.05011,27.66471,0.49542,-0.47531,26.00948,0.07255,0.22592,676.49284,0.00526
1.02214,1.05761,0.10054,0.21737,5.68966,0.33343,-0.80477,4.63205,0.23289,0.64766,21.45589,0.05424
0.53539,1.84784,0.41328,0.08348,8.75483,0.45879,-0.45191,6.90699,0.04551,0.20422,47.70646,0.00207
0.59854,0.84235,0.19864,0.20796,2.45633,0.27379,-0.39058,1.61397,0.07515,0.15255,2.60491,0.00565
1.93668,1.91409,0.41408,0.26946,8.15419,0.91036,-1.66723,6.24011,0.49629,2.77964,38.93895,0.24630
1.04852,0.83807,0.17833,0.25092,4.92880,0.46498,-0.79760,4.09073,0.28665,0.63616,16.73409,0.08217
0.72044,1.71669,0.35438,0.10538,13.15497,0.45038,-0.61506,11.43828,0.09600,0.37830,130.83435,0.00922
1.87623,0.93576,0.28800,0.63317,1.95329,0.87815,-1.24306,1.01754,0.59016,1.54520,1.03538,0.34829
0.51176,1.44638,0.27907,0.06700,16.39644,0.34099,-0.44476,14.95005,0.06192,0.19781,223.50413,0.00383
1.25091,1.51943,0.13050,0.22292,9.85661,0.41933,-1.02799,8.33718,0.28883,1.05676,69.50856,0.08342
1.14922,0.56585,0.16630,0.47196,1.54861,0.45030,-0.67726,0.98276,0.28400,0.45868,0.96583,0.08066
1.94094,0.79539,0.48057,1.33315,0.46434,0.68355,-0.60779,-0.33105,0.20298,0.36941,0.10959,0.04120
1.39034,0.60962,0.34894,2.08959,0.09603,-0.25080,0.69925,-0.51359,-0.59974,0.48895,0.26377,0.35968
1.91555,1.94020,0.30858,0.26508,9.47738,0.73446,-1.65047,7.53717,0.42588,2.72405,56.80897,0.18137
1.57750,0.87101,0.35625,0.41883,2.95286,0.87270,-1.15866,2.08185,0.51645,1.34250,4.33410,0.26672
1.24834,0.51815,0.10362,0.57163,1.27860,0.34156,-0.67671,0.76045,0.23795,0.45794,0.57828,0.05662
1.77206,1.59329,0.13816,0.25921,11.35908,0.62051,-1.51285,9.76579,0.48235,2.28872,95.37068,0.23266
0.67775,0.93333,0.25913,0.63235,0.31734,0.26140,-0.04541,-0.61598,0.00227,0.00206,0.37944,0.00001
1.63140,1.87764,0.48037,0.20158,14.60676,0.92310,-1.42982,12.72912,0.44273,2.04438,162.03054,0.19601
1.34611,1.03787,0.36265,0.25149,6.89718,0.74192,-1.09462,5.85931,0.37927,1.19819,34.33157,0.14384
0.55839,0.55403,0.17009,0.00000,0.00000,0.23207,-0.55839,-0.55403,0.06198,0.31180,0.30695,0.00384
1.27505,1.63816,0.21300,0.20950,10.48806,0.50148,-1.06555,8.84990,0.28848,1.13540,78.32072,0.08322
1.21450,1.24631,0.18187,0.22646,6.12168,0.46087,-0.98805,4.87537,0.27900,0.97624,23.76927,0.07784
0.81061,0.60674,0.12760,0.00000,0.00000,0.23472,-0.81061,-0.60674,0.10712,0.65709,0.36813,0.01147
1.75374,0.99829,0.37745,0.52659,2.63259,0.86345,-1.22715,1.63431,0.48601,1.50590,2.67096,0.23620
1.30864,0.92371,0.27009,0.24752,7.86173,0.65770,-1.06113,6.93802,0.38761,1.12599,48.13609,0.15024
1.12485,1.28377,0.12185,0.33136,2.20569,0.34165,-0.79348,0.92192,0.21979,0.62962,0.84994,0.04831
0.84562,0.50221,0.39174,0.75921,-0.26432,0.43965,-0.08642,-0.76653,0.04792,0.00747,0.58756,0.00230
1.77264,1.13394,0.22117,0.39906,5.50597,0.85163,-1.37358,4.37203,0.63045,1.88672,19.11461,0.39747
1.05641,1.85291,0.42268,0.23845,4.60739,0.60866,-0.81797,2.75448,0.18599,0.66907,7.58716,0.03459
1.49152,0.61768,0.31780,0.68545,1.06628,0.75699,-0.80607,0.44860,0.43919,0.64974,0.20124,0.19289
1.92833,0.56363,0.20613,0.82626,1.17323,1.00837,-1.10207,0.60960,0.80224,1.21456,0.37161,0.64359
0.65377,1.27078,0.30356,0.12478,7.76910,0.41501,-0.52900,6.49831,0.11145,0.27984,42.22809,0.01242
1.88149,1.54189,0.39159,0.30053,7.31124,0.97415,-1.58097,5.76935,0.58256,2.49945,33.28539,0.33937
1.01801,1.00342,0.49141,0.43270,1.43063,0.71678,-0.58531,0.42722,0.22537,0.34259,0.18251,0.05079
1.92064,1.24439,0.25221,0.40367,7.29405,0.92239,-1.51696,6.04966,0.67018,2.30117,36.59835,0.44914
0.53779,1.75850,0.10457,0.09981,7.32270,0.16902,-0.43798,5.56421,0.06446,0.19183,30.96041,0.00415
1.55731,1.72569,0.31857,0.24340,7.12643,0.70065,-1.31390,5.40074,0.38208,1.72634,29.16802,0.14598
1.79396,0.76888,0.42000,0.55799,2.48443,0.96298,-1.23597,1.71554,0.54298,1.52762,2.94308,0.29483
0.73591,0.96468,0.21602,0.45701,0.66143,0.31181,-0.27890,-0.30325,0.09579,0.07778,0.09196,0.00918
1.43731,1.35762,0.43313,0.29631,4.67849,0.81514,-1.14100,3.32087,0.38201,1.30188,11.02817,0.14593
0.96016,1.02944,0.34852,0.25059,4.38414,0.53055,-0.70958,3.35470,0.18203,0.50350,11.25403,0.03314
1.67564,0.92864,0.27311,0.47299,2.93089,0.78098,-1.20265,2.00225,0.50788,1.44636,4.00900,0.25794
1.91667,1.46260,0.36859,0.28278,8.88424,0.91136,-1.63389,7.42164,0.54276,2.66960,55.08070,0.29459
0.65206,0.91678,0.21053,0.17217,3.59551,0.28898,-0.47989,2.67873,0.07846,0.23029,7.17558,0.00616
0.66996,1.10540,0.39515,0.15845,3.90676,0.47106,-0.51150,2.80136,0.07591,0.26163,7.84763,0.00576
0.89641,0.80800,0.29322,0.18295,5.29863,0.50136,-0.71346,4.49063,0.20815,0.50903,20.16578,0.04333
1.40546,0.61547,0.13023,1.47376,0.20511,0.02408,0.06831,-0.41036,-0.10615,0.00467,0.16840,0.01127
1.43547,1.47276,0.20696,0.24891,14.71854,0.63610,-1.18657,13.24578,0.42914,1.40794,175.45071,0.18416
0.96936,0.90664,0.33907,0.45131,1.13187,0.52563,-0.51805,0.22523,0.18656,0.26838,0.05073,0.03481
1.38138,1.55171,0.37204,0.21228,10.35061,0.71739,-1.16910,8.79890,0.34534,1.36679,77.42068,0.11926
1.17538,1.93637,0.25961,0.15017,11.55074,0.51867,-1.02521,9.61437,0.25906,1.05105,92.43611,0.06711
0.65284,0.51248,0.27343,0.15383,4.75127,0.37764,-0.49901,4.23879,0.10421,0.24901,17.96736,0.01086
0.88807,1.15160,0.38938,0.13836,15.88078,0.60782,-0.74971,14.72918,0.21845,0.56207,216.94864,0.04772
0.86303,1.57108,0.13656,0.12452,13.93047,0.30283,-0.73852,12.35940,0.16627,0.54540,152.75466,0.02765
0.87256,0.82161,0.20832,0.18620,5.20627,0.38129,-0.68637,4.38466,0.17297,0.47110,19.22528,0.02992
1.41010,1.50931,0.13246,0.30755,4.50746,0.49780,-1.10254,2.99815,0.36534,1.21560,8.98891,0.13347
1.89907,1.31638,0.18011,0.39392,6.37759,0.82829,-1.50514,5.06121,0.64818,2.26545,25.61588,0.42013
0.60269,1.05667,0.46831,0.14987,4.13063,0.53137,-0.45282,3.07396,0.06306,0.20505,9.44923,0.00398
1.84302,1.49969,0.41495,0.32639,9.02115,0.85652,-1.51663,7.52145,0.44156,2.30016,56.57227,0.19498
1.14140,1.16382,0.35973,0.27941,3.03247,0.60915,-0.86199,1.86865,0.24942,0.74303,3.49184,0.06221
0.95157,1.25395,0.12247,0.21414,5.77535,0.30251,-0.73742,4.52141,0.18004,0.54380,20.44311,0.03241
0.89035,0.73924,0.16419,0.15510,7.97413,0.36347,-0.73526,7.23489,0.19929,0.54060,52.34362,0.03971
1.72119,1.52770,0.14417,0.24909,11.82058,0.56054,-1.47210,10.29288,0.41637,2.16707,105.94335,0.17337
1.30333,1.03533,0.24152,0.44913,2.15837,0.53383,-0.85420,1.12304,0.29232,0.72965,1.26122,0.08545
1.92922,0.99011,0.24177,0.43300,4.49402,0.90833,-1.49622,3.50391,0.66656,2.23869,12.27736,0.44431
1.25470,0.79079,0.44353,0.45784,1.85064,0.76631,-0.79686,1.05985,0.32278,0.63498,1.12327,0.10419
1.15882,1.41582,0.16415,0.18820,8.23902,0.45205,-0.97061,6.82320,0.28791,0.94209,46.55609,0.08289
0.67633,0.74793,0.10080,0.44494,0.67937,0.16527,-0.23139,-0.06855,0.06447,0.05354,0.00470,0.00416
0.62533,0.52869,0.16630,0.82393,-0.12147,0.08475,0.19860,-0.65016,-0.08155,0.03944,0.42271,0.00665
0.83354,1.27884,0.34310,0.12404,11.17659,0.49576,-0.70951,9.89775,0.15266,0.50340,97.96544,0.02330
0.82933,1.93979,0.34652,0.08594,18.04294,0.45945,-0.74339,16.10314,0.11293,0.55263,259.31119,0.01275
1.54464,1.55322,0.16868,0.23684,10.60759,0.62347,-1.30781,9.05437,0.45480,1.71036,81.98163,0.20684
1.29876,0.67309,0.34226,0.31841,4.35380,0.67177,-0.98035,3.68071,0.32952,0.96108,13.54763,0.10858
0.80938,1.08779,0.45827,0.14462,8.55173,0.55489,-0.66476,7.46394,0.09662,0.44190,55.71041,0.00933
1.68914,0.60357,0.28970,0.80677,1.20157,0.91811,-0.88236,0.59801,0.62841,0.77857,0.35761,0.39490
0.51497,1.58517,0.31426,0.12860,3.97219,0.37596,-0.38637,2.38703,0.06170,0.14928,5.69791,0.00381
1.00044,1.68734,0.28052,0.12910,17.01929,0.46129,-0.87134,15.33196,0.18077,0.75924,235.06884,0.03268
1.70531,1.85266,0.18139,0.43375,31.85131,0.58424,-1.27156,29.99865,0.40285,1.61686,899.91887,0.16229
1.95210,0.59985,0.35933,0.58766,2.95168,1.27641,-1.36443,2.35183,0.91708,1.86168,5.53111,0.84104
1.99577,1.33859,0.22846,0.30506,12.00929,0.77080,-1.69072,10.67070,0.54234,2.85852,113.86380,0.29413
1.05436,1.19636,0.38910,0.21171,5.18927,0.64519,-0.84265,3.99292,0.25610,0.71006,15.94338,0.06559
0.50797,1.70674,0.40912,0.07884,10.74771,0.47923,-0.42914,9.04096,0.07010,0.18416,81.73901,0.00491
1.70450,1.27701,0.15613,0.37448,5.19627,0.75007,-1.33002,3.91925,0.59394,1.76896,15.36054,0.35276
0.79246,1.83561,0.39999,0.16958,5.71644,0.53652,-0.62288,3.88082,0.13653,0.38798,15.06077,0.01864
1.83369,1.36821,0.35296,0.31528,11.62002,1.03042,-1.51842,10.25181,0.67746,2.30558,105.09969,0.45895
0.80338,0.97074,0.19660,0.15106,7.27282,0.36176,-0.65232,6.30208,0.16516,0.42553,39.71619,0.02728
0.78188,0.61546,0.37846,0.27819,2.22522,0.51951,-0.50369,1.60976,0.14105,0.25370,2.59134,0.01989
0.90792,1.53854,0.20562,0.24423,3.46931,0.33790,-0.66369,1.93078,0.13228,0.44049,3.72790,0.01750
0.78639,1.54196,0.18749,0.11759,9.34235,0.33719,-0.66880,7.80039,0.14970,0.44729,60.84608,0.02241
1.66704,1.64128,0.17509,0.29135,12.57426,0.56109,-1.37569,10.93298,0.38600,1.89251,119.53012,0.14899
0.54672,0.88936,0.11347,0.59808,0.16734,0.10070,0.05135,-0.72202,-0.01277,0.00264,0.52132,0.00016
1.50027,0.98454,0.45917,0.45187,2.43123,0.93141,-1.04840,1.44669,0.47224,1.09914,2.09291,0.22301
1.73812,1.76731,0.19960,0.26187,11.24369,0.67563,-1.47625,9.47638,0.47603,2.17932,89.80180,0.22660
1.99644,0.86224,0.11614,0.50314,3.86755,0.99454,-1.49331,3.00531,0.87840,2.22996,9.03186,0.77159
0.96917,1.48151,0.19281,0.14421,17.42072,0.40629,-0.82495,15.93921,0.21349,0.68055,254.05835,0.04558
0.55841,1.75568,0.34781,0.08259,11.73720,0.42736,-0.47582,9.98152,0.07955,0.22640,99.63068,0.00633
1.37143,1.98602,0.40269,0.19988,14.73122,0.67062,-1.17155,12.74520,0.26793,1.37253,162.44016,0.07179
1.39528,1.89227,0.47166,0.18275,16.11201,0.73136,-1.21253,14.21974,0.25971,1.47023,202.20099,0.06745
1.97168,1.47426,0.42177,0.34491,7.28393,0.96044,-1.62677,5.80967,0.53867,2.64637,33.75228,0.29017
1.51218,1.51630,0.24925,0.25558,6.06706,0.64281,-1.25660,4.55076,0.39356,1.57905,20.70946,0.15489
1.54570,1.47296,0.21012,0.29499,9.98138,0.68657,-1.25071,8.50842,0.47646,1.56428,72.39328,0.22701
1.55771,1.18276,0.36710,0.44675,3.10307,0.83293,-1.11096,1.92031,0.46582,1.23423,3.68759,0.21699
1.75723,1.70422,0.48437,0.24733,11.90479,0.80738,-1.50990,10.20057,0.32301,2.27980,104.05172,0.10434
1.35891,0.91552,0.46852,0.41744,2.96274,0.75007,-0.94147,2.04722,0.28155,0.88637,4.19110,0.07927
0.54762,1.13500,0.13383,0.15409,3.31512,0.19013,-0.39353,2.18012,0.05630,0.15486,4.75291,0.00317
1.82914,0.79498,0.39497,0.51743,3.35234,1.08142,-1.31171,2.55736,0.68645,1.72059,6.54011,0.47121
1.77108,0.59359,0.23411,0.48037,3.61094,0.88792,-1.29071,3.01735,0.65381,1.66593,9.10439,0.42746
0.81619,0.84405,0.28764,0.16855,5.75145,0.40636,-0.64764,4.90741,0.11872,0.41944,24.08263,0.01409
0.98938,0.94908,0.19300,0.16400,8.45320,0.39302,-0.82538,7.50412,0.20001,0.68126,56.31184,0.04001
0.59385,0.81576,0.42361,0.10336,8.19721,0.51737,-0.49048,7.38145,0.09376,0.24057,54.48580,0.00879
0.62411,1.22681,0.22097,0.13598,5.37482,0.30515,-0.48812,4.14801,0.08418,0.23826,17.20597,0.00709
1.25826,0.71612,0.34960,0.36914,2.97609,0.64961,-0.88912,2.25997,0.30001,0.79053,5.10748,0.09001
0.95970,1.73357,0.12279,0.12917,13.42856,0.34858,-0.83052,11.69499,0.22579,0.68977,136.77284,0.05098
1.50082,1.66557,0.44488,0.22052,13.35217,0.87463,-1.28030,11.68660,0.42975,1.63916,136.57658,0.18469
1.83428,1.05720,0.17807,0.51557,3.77429,0.77206,-1.31871,2.71709,0.59399,1.73900,7.38256,0.35283
1.75735,1.04211,0.44392,0.31837,6.11203,0.99537,-1.43897,5.06992,0.55145,2.07064,25.70408,0.30410
0.68900,0.79463,0.48058,0.17214,4.92212,0.61771,-0.51686,4.12749,0.13713,0.26715,17.03621,0.01881
1.46712,0.84474,0.32106,0.41602,3.33225,0.70824,-1.05110,2.48751,0.38718,1.10480,6.18772,0.14991
0.77791,0.91796,0.18748,0.15962,6.88275,0.31666,-0.61829,5.96478,0.12918,0.38228,35.57866,0.01669
1.95489,1.35689,0.15720,0.40079,7.34656,0.71940,-1.55410,5.98967,0.56220,2.41523,35.87614,0.31607
1.33518,1.76768,0.41837,0.19329,15.23280,0.68428,-1.14188,13.46512,0.26591,1.30390,181.30937,0.07071
1.81111,0.87450,0.20530,0.42693,8.58112,0.88966,-1.38418,7.70662,0.68436,1.91595,59.39197,0.46835
1.62540,0.72807,0.28333,0.44341,3.12642,0.83131,-1.18199,2.39834,0.54798,1.39709,5.75205,0.30028
0.56009,0.93719,0.18302,0.12032,6.07439,0.25554,-0.43977,5.13720,0.07252,0.19339,26.39079,0.00526
1.64086,0.73174,0.29491,0.63215,1.95644,0.76849,-1.00871,1.22470,0.47358,1.01750,1.49988,0.22428
0.75606,0.54570,0.18178,0.28693,1.78031,0.34627,-0.46913,1.23461,0.16449,0.22009,1.52427,0.02706
1.26478,1.25191,0.12010,0.24671,10.18299,0.35676,-1.01807,8.93107,0.23666,1.03646,79.76406,0.05601
0.74102,0.53746,0.27962,0.20217,3.06194,0.40955,-0.53885,2.52448,0.12993,0.29036,6.37301,0.01688
0.76024,1.06963,0.42058,0.15787,6.14043,0.54245,-0.60237,5.07081,0.12187,0.36285,25.71308,0.01485
0.85540,1.51609,0.32631,0.19273,4.39627,0.46558,-0.66267,2.88018,0.13926,0.43913,8.29544,0.01939
1.74029,1.28710,0.41010,0.31309,9.40425,0.92835,-1.42719,8.11714,0.51825,2.03688,65.88800,0.26858
1.50180,1.89981,0.20620,0.22136,13.30140,0.50348,-1.28044,11.40159,0.29728,1.63953,129.99631,0.08837
1.92074,1.82728,0.39563,0.52291,26.42020,0.92819,-1.39783,24.59291,0.53256,1.95392,604.81144,0.28362
0.96782,1.00996,0.13158,0.18601,5.90626,0.31822,-0.78181,4.89631,0.18664,0.61123,23.97381,0.03483
1.90323,0.77860,0.24900,0.72469,1.33768,0.92783,-1.17854,0.55908,0.67882,1.38895,0.31257,0.46080
1.95211,1.17007,0.30061,0.37520,7.84766,1.12739,-1.57692,6.67758,0.82678,2.48667,44.59012,0.68356
1.63080,1.36684,0.46174,0.39906,4.34671,0.85565,-1.23174,2.97988,0.39390,1.51719,8.87966,0.15516
1.82688,1.84334,0.46367,0.27341,13.39945,0.86004,-1.55347,11.55610,0.39637,2.41327,133.54348,0.15711
0.77695,1.01316,0.27198,0.26477,1.92928,0.40487,-0.51217,0.91612,0.13289,0.26232,0.83928,0.01766
0.93192,1.23923,0.21998,0.18850,5.82817,0.37780,-0.74342,4.58894,0.15783,0.55267,21.05839,0.02491
1.32004,1.85362,0.23758,0.18674,11.76646,0.54977,-1.13331,9.91284,0.31219,1.28439,98.26448,0.09746
1.34991,1.48555,0.45935,0.22988,9.55822,0.81589,-1.12003,8.07267,0.35654,1.25447,65.16805,0.12712
1.36529,1.19597,0.14748,0.49395,1.71534,0.54620,-0.87133,0.51937,0.39871,0.75922,0.26974,0.15897
1.48808,1.29844,0.14131,0.27613,9.09832,0.46550,-1.21195,7.79988,0.32419,1.46882,60.83811,0.10510
1.72811,1.97535,0.20387,0.21047,10.43932,0.51931,-1.51764,8.46397,0.31544,2.30322,71.63878,0.09950
0.57915,1.53802,0.28317,0.07720,16.01924,0.34635,-0.50194,14.48122,0.06318,0.25195,209.70583,0.00399
1.03881,1.73533,0.42828,0.12076,16.11372,0.60617,-0.91805,14.37839,0.17790,0.84282,206.73824,0.03165
0.99227,0.81359,0.13388,0.28766,2.94546,0.38475,-0.70461,2.13187,0.25088,0.49647,4.54486,0.06294
1.07149,1.71261,0.42945,0.14412,13.50173,0.60024,-0.92736,11.78912,0.17079,0.86000,138.98334,0.02917
0.67797,1.90062,0.37355,0.08579,14.41562,0.47284,-0.59217,12.51499,0.09929,0.35067,156.62501,0.00986
0.74183,1.48461,0.48846,0.12651,8.68397,0.60456,-0.61532,7.19935,0.11610,0.37862,51.83066,0.01348
0.67454,1.41919,0.47539,0.12139,6.97994,0.57479,-0.55315,5.56074,0.09940,0.30597,30.92188,0.00988
1.10481,1.75047,0.42587,0.15203,11.40989,0.61765,-0.95279,9.65942,0.19178,0.90780,93.30446,0.03678
1.03235,1.11976,0.37033,0.24285,3.99176,0.59187,-0.78950,2.87201,0.22155,0.62331,8.24842,0.04908
0.73522,1.74095,0.11677,0.10264,13.50633,0.21105,-0.63258,11.76537,0.09429,0.40016,138.42401,0.00889
1.59723,1.93718,0.18818,0.24606,10.21026,0.61265,-1.35117,8.27308,0.42447,1.82567,68.44383,0.18017
1.62860,1.29694,0.37098,0.32622,6.73532,0.88995,-1.30237,5.43838,0.51898,1.69618,29.57602,0.26934
1.74939,1.31044,0.43787,0.31459,7.98600,1.01370,-1.43481,6.67556,0.57584,2.05867,44.56309,0.33159
1.76632,1.22603,0.30564,0.37115,6.76896,0.72947,-1.39517,5.54293,0.42383,1.94650,30.72406,0.17964
0.90800,0.50957,0.49134,1.84380,-0.05428,-0.11606,0.93580,-0.56385,-0.60740,0.87572,0.31793,0.36893
1.50664,1.70815,0.47870,0.23522,12.51751,0.81745,-1.27142,10.80936,0.33874,1.61650,116.84227,0.11475
0.53865,1.40529,0.36380,0.09941,6.22694,0.43460,-0.43924,4.82165,0.07079,0.19293,23.24827,0.00501
0.96082,1.31969,0.26688,0.12778,13.57534,0.46001,-0.83305,12.25565,0.19313,0.69397,150.20103,0.03730
1.84695,0.62619,0.25724,0.58082,2.98648,0.84809,-1.26613,2.36029,0.59085,1.60309,5.57095,0.34911
0.53556,1.75242,0.48988,0.05388,25.72848,0.56030,-0.48168,23.97606,0.07042,0.23202,574.85130,0.00496
1.12944,0.57593,0.11576,0.50405,1.22812,0.34814,-0.62539,0.65218,0.23238,0.39111,0.42534,0.05400
0.51695,1.68106,0.22257,0.05787,26.79508,0.27089,-0.45909,25.11402,0.04831,0.21076,630.71400,0.00233
1.31630,0.91286,0.38378,0.35180,3.94053,0.73278,-0.96449,3.02767,0.34901,0.93025,9.16676,0.12181
0.57586,1.13918,0.43295,0.18169,2.23160,0.49760,-0.39417,1.09242,0.06465,0.15537,1.19337,0.00418
1.89560,0.64304,0.28002,0.60854,2.27804,1.06976,-1.28705,1.63500,0.78974,1.65651,2.67323,0.62368
1.23880,1.16316,0.23376,0.25507,6.07914,0.49801,-0.98374,4.91598,0.26424,0.96774,24.16690,0.06983
1.70815,1.64024,0.16156,0.21823,16.78772,0.57365,-1.48992,15.14748,0.41209,2.21987,229.44626,0.16982
1.51955,0.58502,0.11387,0.64057,1.51334,0.49533,-0.87898,0.92832,0.38146,0.77260,0.86178,0.14551
0.88974,1.82913,0.45828,0.09239,21.06237,0.61050,-0.79735,19.23324,0.15222,0.63577,369.91747,0.02317
1.50858,1.73910,0.36924,0.21755,10.09995,0.68739,-1.29103,8.36085,0.31815,1.66675,69.90379,0.10122
1.04071,1.50691,0.20826,0.16396,13.40091,0.44656,-0.87675,11.89400,0.23831,0.76869,141.46726,0.05679
1.79915,0.93416,0.28707,0.39705,3.90525,0.78943,-1.40210,2.97109,0.50236,1.96588,8.82735,0.25237
1.34635,1.77586,0.18061,0.22844,7.59335,0.52025,-1.11791,5.81749,0.33964,1.24973,33.84319,0.11536
1.66928,0.52430,0.42735,0.47366,3.27367,0.95608,-1.19562,2.74937,0.52873,1.42951,7.55905,0.27956
0.87954,1.79834,0.14114,0.11401,19.27154,0.29084,-0.76553,17.47319,0.14970,0.58603,305.31251,0.02241
1.39136,1.40473,0.37301,0.23140,8.40918,0.66001,-1.15996,7.00446,0.28699,1.34551,49.06240,0.08236
0.83941,1.53853,0.19333,0.15101,8.19005,0.32767,-0.68840,6.65152,0.13433,0.47390,44.24269,0.01805
0.69646,1.40900,0.43978,0.09415,18.42442,0.53828,-0.60231,17.01542,0.09850,0.36278,289.52462,0.00970
1.89329,0.99796,0.28613,0.39755,9.21534,0.94926,-1.49574,8.21738,0.66312,2.23725,67.52532,0.43973
1.44706,1.13960,0.31926,0.23640,9.29466,0.79284,-1.21067,8.15506,0.47358,1.46572,66.50504,0.22428
0.57563,1.83558,0.33075,0.08338,11.62630,0.39760,-0.49225,9.79072,0.06685,0.24231,95.85824,0.00447
1.40137,1.01144,0.46691,0.29740,5.21383,0.89416,-1.10397,4.20240,0.42725,1.21875,17.66014,0.18255
1.28821,1.54675,0.46011,0.25092,6.91296,0.80931,-1.03729,5.36621,0.34921,1.07596,28.79624,0.12195
0.94374,0.50167,0.20878,0.36359,2.01022,0.42909,-0.58015,1.50855,0.22030,0.33657,2.27571,0.04853
0.52437,1.59317,0.22941,0.09935,7.35678,0.27571,-0.42502,5.76361,0.04630,0.18064,33.21923,0.00214
0.64163,1.74728,0.46736,0.09228,10.50544,0.55618,-0.54935,8.75816,0.08882,0.30179,76.70534,0.00789
1.66973,0.67733,0.10001,0.63248,1.53268,0.53474,-1.03725,0.85535,0.43473,1.07588,0.73163,0.18899
1.31045,1.77673,0.48305,0.18703,11.74816,0.74888,-1.12342,9.97144,0.26583,1.26208,99.42958,0.07067
1.06997,1.41070,0.25549,0.15211,12.79264,0.48444,-0.91786,11.38194,0.22895,0.84246,129.54850,0.05242
0.76535,1.98100,0.27764,0.09810,15.80701,0.41889,-0.66725,13.82601,0.14125,0.44522,191.15852,0.01995
0.95862,1.10406,0.36900,0.24740,3.42485,0.54387,-0.71122,2.32079,0.17487,0.50583,5.38607,0.03058
0.69249,1.36774,0.37737,0.16375,4.46334,0.49017,-0.52874,3.09560,0.11280,0.27956,9.58276,0.01272
1.59537,1.42876,0.17466,0.21181,17.29662,0.59855,-1.38357,15.86786,0.42389,1.91426,251.78902,0.17968
1.77494,0.79437,0.15022,0.83592,0.87435,0.65706,-0.93902,0.07998,0.50684,0.88176,0.00640,0.25688
1.31206,0.62905,0.12281,0.47325,2.61332,0.54192,-0.83881,1.98428,0.41911,0.70360,3.93735,0.17566
1.45666,1.73010,0.11663,0.22906,10.96784,0.42008,-1.22760,9.23774,0.30345,1.50700,85.33578,0.09208
1.42046,1.84690,0.42397,0.22327,11.25228,0.71695,-1.19719,9.40538,0.29298,1.43326,88.46116,0.08584
1.19927,0.78490,0.38070,0.40281,2.10347,0.70768,-0.79646,1.31856,0.32699,0.63435,1.73860,0.10692
0.97366,0.58532,0.40661,0.49568,0.81800,0.61307,-0.47798,0.23267,0.20646,0.22846,0.05414,0.04262
1.63438,1.18128,0.26491,0.39926,3.47219,0.71425,-1.23512,2.29091,0.44934,1.52553,5.24828,0.20191
1.95398,1.06676,0.12481,0.42842,5.86413,0.69928,-1.52557,4.79737,0.57447,2.32735,23.01477,0.33001
1.99662,1.17761,0.24189,0.35052,7.16738,0.77219,-1.64611,5.98977,0.53030,2.70967,35.87729,0.28122
1.16305,1.47235,0.12458,0.23624,5.86818,0.39256,-0.92681,4.39583,0.26798,0.85898,19.32333,0.07181
0.72715,1.21612,0.34072,0.13613,6.22439,0.43391,-0.59102,5.00826,0.09319,0.34931,25.08269,0.00868
1.08761,0.74399,0.39375,0.25911,4.23995,0.66194,-0.82850,3.49596,0.26820,0.68642,12.22175,0.07193
1.80787,1.36547,0.23819,0.36072,5.39455,0.71798,-1.44715,4.02908,0.47979,2.09425,16.23347,0.23020
1.86203,1.09447,0.21853,0.33364,8.82508,0.83848,-1.52839,7.73061,0.61995,2.33596,59.76234,0.38434
0.62092,1.90935,0.40205,0.08156,13.47060,0.51182,-0.53937,11.56125,0.10976,0.29092,133.66242,0.01205
1.67520,0.91560,0.47635,0.34448,6.37834,1.08598,-1.33072,5.46273,0.60963,1.77082,29.84144,0.37165
1.10813,1.27442,0.33226,0.39907,2.12317,0.55175,-0.70906,0.84875,0.21949,0.50277,0.72037,0.04818
1.92580,0.53310,0.49301,0.72989,2.12441,1.17095,-1.19590,1.59131,0.67794,1.43019,2.53226,0.45961
1.15978,1.46593,0.25238,0.17131,14.66543,0.54915,-0.98848,13.19949,0.29677,0.97709,174.22658,0.08807
0.82450,1.16387,0.11935,0.29533,2.09607,0.26276,-0.52917,0.93220,0.14342,0.28002,0.86900,0.02057
1.69968,1.33203,0.43037,0.36993,5.93951,0.95218,-1.32974,4.60748,0.52181,1.76822,21.22889,0.27229
1.93692,1.31167,0.34204,0.43899,6.70731,1.02460,-1.49793,5.39564,0.68257,2.24380,29.11291,0.46590
0.58938,1.40654,0.40548,0.08892,9.52906,0.49309,-0.50046,8.12252,0.08762,0.25046,65.97534,0.00768
1.16275,0.74505,0.17378,0.28600,4.32428,0.45208,-0.87675,3.57923,0.27830,0.76869,12.81087,0.07745
1.26756,1.22494,0.25311,0.26014,4.75426,0.57547,-1.00742,3.52931,0.32236,1.01490,12.45606,0.10392
0.60673,1.36080,0.32641,0.21583,1.87867,0.40814,-0.39091,0.51787,0.08173,0.15281,0.26819,0.00668
0.64701,0.56610,0.17411,0.34694,0.87127,0.24226,-0.30007,0.30518,0.06815,0.09004,0.09313,0.00464
1.76325,0.94492,0.13088,0.41182,5.33535,0.60766,-1.35143,4.39043,0.47679,1.82635,19.27587,0.22733
1.98426,1.52647,0.47959,0.42393,32.58948,1.12845,-1.56033,31.06300,0.64885,2.43464,964.91023,0.42101
0.50628,1.50565,0.35673,0.07316,11.58169,0.39596,-0.43312,10.07603,0.03924,0.18760,101.52647,0.00154
1.00306,0.76562,0.13937,1.26869,0.15817,0.02510,0.26563,-0.60745,-0.11427,0.07056,0.36900,0.01306
1.08972,0.85539,0.13879,0.28295,4.37093,0.41997,-0.80677,3.51554,0.28118,0.65088,12.35902,0.07906
1.21263,1.88365,0.12909,0.14430,17.40972,0.42489,-1.06833,15.52607,0.29580,1.14133,241.05888,0.08750
0.86101,1.81146,0.43225,0.08493,22.91061,0.55654,-0.77607,21.09915,0.12429,0.60229,445.17417,0.01545
0.77134,1.69874,0.23368,0.10366,10.59866,0.38988,-0.66768,8.89992,0.15620,0.44580,79.20859,0.02440
1.70625,1.79963,0.12385,0.20755,14.18657,0.53707,-1.49870,12.38694,0.41322,2.24610,153.43618,0.17075
1.10411,1.27942,0.49861,0.21238,9.16230,0.72072,-0.89173,7.88288,0.22211,0.79518,62.13980,0.04933
0.73811,1.92391,0.45184,0.11032,8.78726,0.58619,-0.62779,6.86335,0.13435,0.39412,47.10563,0.01805
1.12758,1.03672,0.33751,0.24377,4.50673,0.60626,-0.88381,3.47002,0.26875,0.78113,12.04101,0.07223
1.35543,0.81516,0.39691,0.26680,7.29340,0.86452,-1.08863,6.47824,0.46761,1.18511,41.96755,0.21866
0.89174,1.54243,0.32696,0.19823,5.54218,0.50529,-0.69352,3.99976,0.17833,0.48097,15.99804,0.03180
0.69977,0.89200,0.26764,0.23786,2.14757,0.34429,-0.46191,1.25557,0.07665,0.21336,1.57646,0.00587
1.24436,0.92844,0.39384,0.24286,8.01255,0.75984,-1.00150,7.08411,0.36600,1.00301,50.18461,0.13395
1.20747,0.63713,0.35027,0.35770,2.04332,0.69291,-0.84978,1.40618,0.34263,0.72212,1.97735,0.11740
0.79444,0.53385,0.44467,0.42565,0.95258,0.55993,-0.36879,0.41873,0.11527,0.13601,0.17533,0.01329
1.14451,1.62479,0.46522,0.16491,10.51863,0.69901,-0.97960,8.89384,0.23379,0.95962,79.10046,0.05466
0.87029,0.95962,0.32205,0.21844,3.34595,0.53358,-0.65185,2.38632,0.21152,0.42490,5.69455,0.04474
0.63168,0.75774,0.30723,0.11522,6.34323,0.39289,-0.51646,5.58549,0.08566,0.26673,31.19768,0.00734
0.52079,1.47407,0.36755,0.10659,4.79228,0.44848,-0.41420,3.31821,0.08093,0.17156,11.01052,0.00655
1.51860,1.89761,0.49878,0.19492,12.88905,0.87663,-1.32368,10.99144,0.37785,1.75214,120.81178,0.14277
0.84662,1.84608,0.20248,0.10105,19.25607,0.38851,-0.74557,17.40999,0.18604,0.55587,303.10786,0.03461
1.63706,1.64001,0.22504,0.24948,11.80206,0.67917,-1.38758,10.16205,0.45413,1.92537,103.26726,0.20623
1.67284,1.64879,0.37666,0.27131,7.17212,0.75837,-1.40152,5.52333,0.38171,1.96426,30.50722,0.14570
1.59396,1.36259,0.18273,0.23208,9.46754,0.59975,-1.36189,8.10495,0.41702,1.85473,65.69026,0.17391
1.61782,0.84834,0.26213,0.37981,4.56696,0.84332,-1.23801,3.71862,0.58119,1.53266,13.82813,0.33778
1.05535,1.62692,0.45880,0.15977,8.67677,0.63692,-0.89558,7.04985,0.17812,0.80206,49.70040,0.03173
1.22926,0.66352,0.19942,0.40593,2.38811,0.53113,-0.82333,1.72459,0.33172,0.67788,2.97420,0.11004
1.78805,1.78585,0.40586,0.43234,31.95486,0.87735,-1.35570,30.16901,0.47149,1.83793,910.16913,0.22231
0.99743,1.25087,0.35829,0.18260,6.77301,0.56166,-0.81482,5.52214,0.20337,0.66394,30.49402,0.04136
1.79213,0.70595,0.48095,0.64303,2.15586,1.20960,-1.14909,1.44991,0.72865,1.32042,2.10224,0.53092
1.91862,0.96938,0.44340,0.48320,5.19933,1.21791,-1.43543,4.22995,0.77451,2.06046,17.89247,0.59986
0.87847,1.80956,0.16754,0.11982,20.96792,0.32154,-0.75866,19.15835,0.15399,0.57556,367.04249,0.02371
1.07510,0.75242,0.43458,0.35051,2.08519,0.70045,-0.72458,1.33277,0.26587,0.52502,1.77628,0.07069
1.40647,1.19135,0.43148,0.34131,4.06166,0.78081,-1.06516,2.87032,0.34933,1.13456,8.23872,0.12203
1.50652,1.54554,0.24519,0.28470,6.09267,0.60240,-1.22182,4.54713,0.35721,1.49284,20.67643,0.12760
1.82957,0.57080,0.48457,1.03338,0.81992,0.86577,-0.79619,0.24913,0.38120,0.63392,0.06207,0.14531
1.91309,0.94741,0.41020,0.48573,4.00615,1.12876,-1.42736,3.05874,0.71855,2.03735,9.35587,0.51632
1.03579,1.01614,0.30822,0.27399,4.00962,0.53753,-0.76180,2.99348,0.22931,0.58033,8.96095,0.05258
0.70756,1.97411,0.19999,0.08392,26.18099,0.32030,-0.62363,24.20688,0.12031,0.38892,585.97300,0.01447
1.13329,1.67760,0.17829,0.22762,6.81211,0.38703,-0.90567,5.13451,0.20875,0.82023,26.36320,0.04358
0.88497,1.62817,0.30515,0.11880,14.60153,0.48665,-0.76618,12.97336,0.18150,0.58702,168.30814,0.03294
0.58210,0.80636,0.26748,0.12774,5.72180,0.35188,-0.45436,4.91544,0.08440,0.20644,24.16153,0.00712
0.68055,0.60141,0.38961,1.10521,-0.09056,0.18406,0.42466,-0.69196,-0.20555,0.18034,0.47881,0.04225
1.02325,1.06224,0.34853,0.27854,3.04193,0.56571,-0.74471,1.97970,0.21718,0.55459,3.91920,0.04717
1.01187,1.16628,0.37023,0.20711,5.97140,0.59863,-0.80475,4.80512,0.22840,0.64763,23.08919,0.05217
1.98034,1.63185,0.19944,0.28318,12.93729,0.76777,-1.69717,11.30544,0.56833,2.88038,127.81296,0.32300
0.51047,1.10522,0.19390,0.19719,1.53291,0.25589,-0.31328,0.42769,0.06199,0.09814,0.18292,0.00384
0.96173,0.86175,0.19343,0.15718,8.81967,0.41350,-0.80455,7.95792,0.22007,0.64730,63.32850,0.04843
1.12609,1.06530,0.45036,0.39223,1.86343,0.62302,-0.73387,0.79813,0.17266,0.53856,0.63701,0.02981
1.93010,0.59034,0.21906,0.66344,2.08954,0.86794,-1.26666,1.49920,0.64888,1.60443,2.24761,0.42105
0.68375,1.45236,0.14954,0.09717,15.95722,0.25818,-0.58657,14.50486,0.10864,0.34407,210.39092,0.01180
1.93317,0.87044,0.44386,0.49006,4.48357,1.31024,-1.44311,3.61313,0.86638,2.08258,13.05473,0.75061
1.86380,1.72944,0.45528,0.40591,34.03567,0.89167,-1.45789,32.30623,0.43640,2.12544,1043.69264,0.19044
1.08998,1.31683,0.16395,0.20473,6.04080,0.39305,-0.88525,4.72397,0.22909,0.78366,22.31585,0.05248
1.69466,1.60920,0.35821,0.26132,14.01922,0.76544,-1.43334,12.41002,0.40723,2.05446,154.00848,0.16583
1.12027,0.55972,0.20960,3.13362,0.03194,-1.94462,2.01335,-0.52778,-2.15422,4.05357,0.27855,4.64065
0.76864,1.08833,0.47911,0.13149,9.40578,0.60779,-0.63715,8.31746,0.12868,0.40596,69.18008,0.01656
1.07242,1.66285,0.23704,0.15613,11.11008,0.45105,-0.91630,9.44723,0.21401,0.83960,89.25015,0.04580
1.87647,1.83120,0.35017,0.23982,12.27754,0.81109,-1.63665,10.44633,0.46092,2.67862,109.12591,0.21245
1.45347,1.03394,0.15940,0.41809,3.31576,0.54393,-1.03538,2.28182,0.38453,1.07200,5.20671,0.14786
0.79503,0.85622,0.21996,0.27526,2.24893,0.38515,-0.51977,1.39271,0.16520,0.27016,1.93963,0.02729
1.73600,0.80613,0.28762,0.69660,1.57711,0.80106,-1.03940,0.77097,0.51345,1.08035,0.59440,0.26363
0.53802,1.53507,0.22644,0.06167,22.47780,0.28192,-0.47635,20.94273,0.05548,0.22691,438.59813,0.00308
0.62087,0.72074,0.21919,0.10514,9.22005,0.29847,-0.51573,8.49931,0.07928,0.26598,72.23824,0.00629
1.88909,0.74254,0.48633,0.66172,2.62135,1.19863,-1.22737,1.87881,0.71230,1.50644,3.52991,0.50737
1.33099,1.30184,0.17818,0.24315,9.03654,0.51417,-1.08784,7.73470,0.33599,1.18340,59.82564,0.11289
1.63974,1.00824,0.48082,0.46287,2.99497,1.05114,-1.17686,1.98674,0.57032,1.38501,3.94712,0.32526
0.88559,1.19755,0.19079,0.24122,3.51258,0.35335,-0.64438,2.31503,0.16256,0.41522,5.35936,0.02642
1.94233,1.16728,0.29562,0.43989,5.71114,0.95021,-1.50243,4.54386,0.65459,2.25730,20.64670,0.42849
1.71771,1.01277,0.27348,0.45283,3.06137,0.91118,-1.26488,2.04859,0.63771,1.59991,4.19673,0.40667
1.43482,1.61244,0.42204,0.23236,8.37435,0.75231,-1.20245,6.76191,0.33027,1.44589,45.72345,0.10908
1.51063,1.17553,0.39959,0.32161,6.05052,0.77241,-1.18902,4.87499,0.37282,1.41378,23.76552,0.13900
1.31854,0.80610,0.21676,0.48468,1.74816,0.48359,-0.83387,0.94207,0.26683,0.69533,0.88749,0.07120
1.57269,1.93570,0.27084,0.22421,13.13225,0.63495,-1.34847,11.19655,0.36411,1.81838,125.36276,0.13257
0.87826,1.17009,0.14938,0.15657,8.85426,0.34319,-0.72169,7.68417,0.19381,0.52084,59.04647,0.03756
0.72972,1.59217,0.34010,0.14441,6.71289,0.42701,-0.58531,5.12071,0.08691,0.34259,26.22170,0.00755
0.60266,1.84610,0.14775,0.08540,14.48191,0.23255,-0.51726,12.63581,0.08480,0.26756,159.66369,0.00719
1.21015,1.78182,0.23600,0.18305,9.47633,0.50150,-1.02711,7.69451,0.26550,1.05495,59.20552,0.07049
0.77273,1.14552,0.16620,0.21084,3.46653,0.33483,-0.56189,2.32101,0.16863,0.31572,5.38707,0.02844
0.81762,0.56225,0.22883,0.44832,0.90440,0.35217,-0.36930,0.34216,0.12335,0.13638,0.11707,0.01521
1.92968,1.57887,0.47207,0.31646,9.30435,0.97417,-1.61322,7.72548,0.50210,2.60249,59.68303,0.25210
1.29871,1.34662,0.34023,0.17989,12.21431,0.73449,-1.11882,10.86768,0.39426,1.25175,118.10655,0.15544
1.59145,1.88391,0.40488,0.18508,15.90866,0.80656,-1.40636,14.02475,0.40168,1.97786,196.69372,0.16134
1.40370,1.23468,0.31146,0.26864,7.24343,0.62610,-1.13506,6.00875,0.31463,1.28836,36.10512,0.09899
0.77867,0.62745,0.27450,0.34831,1.16410,0.36093,-0.43036,0.53665,0.08643,0.18521,0.28799,0.00747
1.02050,1.89930,0.46906,0.12011,16.20121,0.69628,-0.90039,14.30190,0.22722,0.81071,204.54445,0.05163
1.21215,1.00449,0.46821,0.22231,9.88357,0.85491,-0.98984,8.87908,0.38670,0.97979,78.83812,0.14953
0.62810,1.95869,0.30720,0.07135,15.39845,0.39276,-0.55676,13.43976,0.08556,0.30998,180.62709,0.00732
0.61234,0.65924,0.43499,0.12943,4.78288,0.52369,-0.48292,4.12364,0.08870,0.23321,17.00442,0.00787
0.59292,1.36521,0.14768,0.06379,24.30942,0.24276,-0.52913,22.94421,0.09507,0.27998,526.43683,0.00904
1.13257,0.55988,0.27963,0.55919,1.10702,0.44051,-0.57338,0.54713,0.16087,0.32876,0.29936,0.02588
0.65994,1.05020,0.13980,0.23136,2.20795,0.23518,-0.42858,1.15775,0.09538,0.18368,1.34038,0.00910
0.92781,1.44616,0.28226,0.17277,8.02371,0.44457,-0.75503,6.57755,0.16231,0.57008,43.26418,0.02635
1.88696,0.58434,0.29425,1.66594,0.37158,0.52648,-0.22102,-0.21275,0.23222,0.04885,0.04526,0.05393
1.01491,1.77807,0.32369,0.15100,11.48758,0.52121,-0.86392,9.70951,0.19753,0.74635,94.27462,0.03902
0.61957,1.52467,0.47303,0.09800,8.64621,0.56269,-0.52158,7.12154,0.08966,0.27204,50.71631,0.00804
1.10962,1.81976,0.35947,0.18002,8.61363,0.55920,-0.92961,6.79388,0.19972,0.86417,46.15674,0.03989
0.80269,1.86324,0.40416,0.10495,13.20918,0.52276,-0.69774,11.34594,0.11860,0.48685,128.73036,0.01407
1.21124,0.83868,0.34665,0.19253,9.00961,0.66176,-1.01871,8.17092,0.31511,1.03777,66.76397,0.09930
1.97698,0.81365,0.15214,0.63877,3.04634,0.84228,-1.33821,2.23270,0.69013,1.79082,4.98494,0.47629
0.53151,0.55165,0.27833,0.00000,0.00000,0.35623,-0.53151,-0.55165,0.07790,0.28251,0.30431,0.00607
1.74435,0.70054,0.47416,0.77623,1.24885,1.02689,-0.96812,0.54831,0.55274,0.93725,0.30064,0.30552
1.90727,0.91335,0.23287,0.51673,3.00080,0.96346,-1.39055,2.08745,0.73059,1.93362,4.35746,0.53376
0.59569,1.08083,0.21311,0.10086,8.40082,0.30980,-0.49483,7.31999,0.09670,0.24486,53.58225,0.00935
1.80430,0.77099,0.47907,0.46234,3.75177,1.24076,-1.34196,2.98078,0.76169,1.80086,8.88507,0.58017
1.41232,1.16686,0.39695,0.26519,7.33766,0.78588,-1.14712,6.17080,0.38893,1.31589,38.07877,0.15127
0.75203,1.03220,0.25999,0.11634,11.91568,0.40825,-0.63569,10.88348,0.14825,0.40410,118.45013,0.02198
1.39671,1.49711,0.26773,0.17079,11.39324,0.63196,-1.22592,9.89613,0.36423,1.50287,97.93344,0.13266
1.53758,1.49201,0.11536,0.25862,9.71435,0.52210,-1.27896,8.22234,0.40674,1.63575,67.60680,0.16544
1.86490,1.57589,0.33283,0.34009,7.38719,0.83754,-1.52481,5.81130,0.50471,2.32504,33.77120,0.25473
1.07908,1.95006,0.37887,0.14273,20.62966,0.59071,-0.93635,18.67960,0.21185,0.87675,348.92731,0.04488
1.32458,1.12575,0.45110,0.28890,6.73561,0.81746,-1.03568,5.60987,0.36636,1.07263,31.47061,0.13422
1.95777,1.26892,0.21635,0.41643,6.03291,0.80643,-1.54134,4.76399,0.59008,2.37572,22.69556,0.34820
0.69361,0.94679,0.41202,0.15566,4.69542,0.51345,-0.53795,3.74863,0.10144,0.28939,14.05224,0.01029
1.90989,1.01454,0.49525,0.44756,4.34780,1.31640,-1.46233,3.33326,0.82115,2.13840,11.11061,0.67429
0.57526,0.64504,0.38818,0.14239,3.58751,0.46399,-0.43287,2.94246,0.07580,0.18738,8.65810,0.00575
1.14253,0.54066,0.41340,0.25664,6.04201,0.73201,-0.88589,5.50135,0.31860,0.78481,30.26486,0.10151
1.30331,1.21548,0.25568,0.37278,2.94708,0.56425,-0.93053,1.73161,0.30857,0.86590,2.99846,0.09522
1.89036,1.94309,0.30358,0.21168,17.30676,0.77227,-1.67868,15.36367,0.46869,2.81797,236.04229,0.21967
0.91851,1.10745,0.49952,0.14438,12.01381,0.67015,-0.77413,10.90635,0.17064,0.59928,118.94856,0.02912
1.15934,1.26569,0.20352,0.19296,8.98958,0.47324,-0.96639,7.72389,0.26972,0.93391,59.65854,0.07275
1.91706,1.00232,0.32834,0.57448,2.41310,0.94119,-1.34258,1.41078,0.61285,1.80251,1.99031,0.37558
1.17492,1.53936,0.39326,0.26167,3.23806,0.66217,-0.91325,1.69870,0.26890,0.83402,2.88556,0.07231
1.10847,0.75374,0.49098,0.56919,0.89746,0.79528,-0.53928,0.14372,0.30430,0.29082,0.02065,0.09260
1.31568,1.54246,0.30607,0.35994,3.05219,0.54169,-0.95574,1.50973,0.23563,0.91344,2.27928,0.05552
0.75569,1.07677,0.23878,0.19770,4.28576,0.36347,-0.55799,3.20898,0.12469,0.31136,10.29758,0.01555
1.36473,1.01310,0.42399,0.24078,7.20416,0.81690,-1.12396,6.19106,0.39291,1.26328,38.32920,0.15438
0.51363,1.47245,0.30444,0.08248,10.27221,0.36639,-0.43115,8.79977,0.06195,0.18589,77.43592,0.00384
0.70918,1.35381,0.44719,0.16849,5.02866,0.54495,-0.54068,3.67485,0.09776,0.29234,13.50450,0.00956
1.18685,1.09172,0.44682,0.20584,7.53300,0.71868,-0.98101,6.44128,0.27185,0.96238,41.49013,0.07390
1.94993,1.16516,0.22840,0.46493,4.72594,0.77833,-1.48501,3.56078,0.54993,2.20524,12.67917,0.30242
0.57749,0.57394,0.25452,0.16009,2.53270,0.32978,-0.41739,1.95876,0.07526,0.17422,3.83674,0.00566
0.78839,0.96420,0.48996,0.15334,5.52547,0.67242,-0.63504,4.56127,0.18246,0.40328,20.80516,0.03329
0.86240,1.52192,0.38639,0.13651,9.05961,0.55078,-0.72589,7.53768,0.16439,0.52691,56.81665,0.02702
1.39421,1.60937,0.18439,0.23508,7.37865,0.46120,-1.15913,5.76928,0.27681,1.34358,33.28458,0.07662
1.92996,0.60900,0.17964,0.87851,1.57800,0.93565,-1.05145,0.96900,0.75602,1.10555,0.93897,0.57156
0.93459,0.85813,0.18542,0.27824,3.04521,0.34871,-0.65635,2.18708,0.16329,0.43080,4.78333,0.02666
1.08638,1.96468,0.48187,0.13581,12.77249,0.66628,-0.95057,10.80781,0.18441,0.90358,116.80868,0.03401
1.66659,1.78748,0.43795,0.26183,13.99190,0.79613,-1.40476,12.20442,0.35818,1.97335,148.94775,0.12829
1.55235,0.51474,0.26367,0.68931,1.40633,0.80223,-0.86304,0.89159,0.53856,0.74483,0.79492,0.29004
1.71744,0.94088,0.27853,0.43450,3.19057,0.89925,-1.28294,2.24969,0.62072,1.64595,5.06112,0.38529
1.87265,0.73454,0.40072,0.50606,2.73940,1.08663,-1.36659,2.00486,0.68591,1.86757,4.01945,0.47047
1.36897,1.83350,0.32772,0.18559,13.53650,0.61472,-1.18338,11.70300,0.28700,1.40038,136.96021,0.08237
1.23800,0.96535,0.17271,0.28044,4.41012,0.44851,-0.95757,3.44476,0.27581,0.91693,11.86640,0.07607
0.69993,1.89162,0.44708,0.10154,10.81980,0.55504,-0.59839,8.92818,0.10796,0.35807,79.71245,0.01165
1.65165,0.67095,0.35756,0.96725,0.75564,0.89918,-0.68440,0.08469,0.54161,0.46840,0.00717,0.29335
1.29306,0.55157,0.35559,0.34483,3.58657,0.64082,-0.94823,3.03500,0.28523,0.89914,9.21125,0.08136
0.70012,1.53747,0.41800,0.09773,15.86679,0.52906,-0.60240,14.32933,0.11105,0.36288,205.32964,0.01233
0.66007,1.47433,0.44720,0.16923,3.65795,0.53276,-0.49084,2.18362,0.08556,0.24092,4.76819,0.00732
0.57396,0.88622,0.15426,0.11276,6.48192,0.23782,-0.46121,5.59571,0.08355,0.21271,31.31192,0.00698
1.75246,1.56553,0.14500,0.23980,10.47661,0.67510,-1.51266,8.91108,0.53009,2.28814,79.40740,0.28100
1.99651,0.89533,0.21165,0.73994,1.67143,0.95968,-1.25657,0.77610,0.74803,1.57896,0.60234,0.55955
1.96340,0.59792,0.42874,0.89100,1.23301,1.01835,-1.07240,0.63509,0.58961,1.15005,0.40334,0.34764
1.97372,1.86773,0.27565,0.42338,32.63131,0.83031,-1.55034,30.76358,0.55466,2.40356,946.39807,0.30765
1.18902,0.58265,0.27076,0.51579,1.41701,0.55574,-0.67322,0.83436,0.28498,0.45323,0.69616,0.08121
1.28798,0.59908,0.48903,0.47219,1.79439,0.72097,-0.81579,1.19531,0.23195,0.66551,1.42876,0.05380
1.49335,1.57298,0.20726,0.20912,12.01350,0.60813,-1.28423,10.44052,0.40087,1.64924,109.00444,0.16070
1.39652,1.80454,0.45633,0.19026,13.20423,0.74848,-1.20626,11.39969,0.29215,1.45506,129.95282,0.08535
1.73189,0.86698,0.26852,0.65487,1.67760,0.77884,-1.07702,0.81061,0.51032,1.15997,0.65709,0.26043
0.78874,0.65282,0.46445,0.85487,0.23474,0.43038,0.06613,-0.41808,-0.03407,0.00437,0.17479,0.00116
1.31971,0.63703,0.40266,0.54840,1.33276,0.71612,-0.77131,0.69573,0.31346,0.59492,0.48404,0.09826
0.58550,1.38170,0.43614,0.05573,31.12345,0.51782,-0.52977,29.74175,0.08168,0.28066,884.57190,0.00667
0.99011,1.02442,0.33854,0.25020,4.94303,0.58475,-0.73991,3.91861,0.24621,0.54746,15.35553,0.06062
1.51285,0.80882,0.24099,0.33622,5.15909,0.75287,-1.17663,4.35027,0.51188,1.38445,18.92484,0.26202
1.94410,1.44252,0.17364,0.38204,9.58934,0.77386,-1.56206,8.14682,0.60022,2.44002,66.37060,0.36026
1.67219,1.55492,0.43378,0.46919,29.44551,0.92371,-1.20300,27.89059,0.48992,1.44722,777.88506,0.24002
1.46067,0.97124,0.48319,0.29397,8.54611,0.85894,-1.16670,7.57487,0.37575,1.36119,57.37864,0.14119
0.76384,0.85307,0.29775,0.66459,0.30194,0.32028,-0.09924,-0.55113,0.02253,0.00985,0.30374,0.00051
1.25093,1.86768,0.15865,0.16064,13.67796,0.41046,-1.09029,11.81029,0.25182,1.18873,139.48288,0.06341
1.39053,1.63224,0.22379,0.20403,12.31338,0.57237,-1.18650,10.68114,0.34859,1.40778,114.08673,0.12151
0.94223,1.03182,0.32584,0.19555,6.32446,0.51770,-0.74667,5.29264,0.19187,0.55752,28.01201,0.03681
0.65521,1.48484,0.46279,0.08827,15.70547,0.56008,-0.56694,14.22063,0.09728,0.32143,202.22634,0.00946
1.51523,0.95238,0.17532,0.31683,5.47480,0.63565,-1.19840,4.52242,0.46033,1.43616,20.45226,0.21191
0.71208,0.69548,0.35737,0.15195,4.81020,0.49759,-0.56013,4.11472,0.14022,0.31375,16.93089,0.01966
1.51569,1.52401,0.35149,0.21977,13.39767,0.74899,-1.29592,11.87367,0.39750,1.67940,140.98400,0.15801
1.35425,1.74859,0.49665,0.20966,14.04348,0.85236,-1.14458,12.29490,0.35571,1.31007,151.16448,0.12653
1.97840,1.53002,0.19745,0.31867,7.88376,0.78144,-1.65973,6.35374,0.58399,2.75472,40.37005,0.34105
1.07425,1.44595,0.27206,0.15771,10.99893,0.54089,-0.91654,9.55298,0.26884,0.84005,91.25940,0.07227
1.91113,0.76217,0.44990,0.69186,1.78758,1.11354,-1.21926,1.02541,0.66364,1.48660,1.05146,0.44042
1.86831,1.44977,0.38842,0.26586,13.78013,1.03790,-1.60246,12.33036,0.64948,2.56787,152.03788,0.42183
1.73451,0.85255,0.36091,0.50172,3.09055,0.87630,-1.23279,2.23801,0.51538,1.51976,5.00868,0.26562
1.86435,0.90445,0.42787,1.01963,0.60712,0.82445,-0.84471,-0.29733,0.39658,0.71354,0.08840,0.15728
1.94817,1.87372,0.30115,0.24897,11.82627,0.75339,-1.69920,9.95255,0.45224,2.88728,99.05321,0.20452
1.72393,1.06747,0.13536,0.37524,5.85553,0.69794,-1.34870,4.78806,0.56258,1.81898,22.92548,0.31650
0.74981,1.97927,0.42834,0.07615,22.77823,0.54969,-0.67366,20.79896,0.12135,0.45381,432.59679,0.01473
1.24512,1.76442,0.27835,0.19542,9.95767,0.52720,-1.04970,8.19325,0.24884,1.10187,67.12941,0.06192
1.45595,0.60604,0.24462,0.62777,1.34969,0.64912,-0.82818,0.74365,0.40451,0.68589,0.55301,0.16363
1.14810,1.69459,0.33817,0.17066,8.12333,0.63940,-0.97745,6.42875,0.30123,0.95540,41.32879,0.09074
1.12607,0.71647,0.13742,0.23349,7.42897,0.41402,-0.89258,6.71250,0.27660,0.79671,45.05762,0.07651
1.60405,0.98002,0.30242,0.40558,4.79781,0.78998,-1.19847,3.81779,0.48756,1.43633,14.57552,0.23772
0.71581,0.51293,0.10799,0.29036,1.04107,0.23245,-0.42546,0.52814,0.12446,0.18102,0.27893,0.01549
1.13403,1.57710,0.27708,0.18080,8.57621,0.54790,-0.95323,6.99911,0.27082,0.90864,48.98747,0.07334
0.81614,0.85508,0.35121,0.37059,1.09411,0.44575,-0.44556,0.23903,0.09454,0.19852,0.05714,0.00894
1.50390,1.17213,0.29516,0.33248,6.60863,0.64698,-1.17143,5.43650,0.35182,1.37224,29.55559,0.12378
1.22028,1.22883,0.32634,0.39563,2.45028,0.59644,-0.82465,1.22145,0.27010,0.68004,1.49193,0.07295
1.37935,1.23855,0.17693,0.26836,6.46376,0.56185,-1.11100,5.22521,0.38492,1.23431,27.30286,0.14816
1.92840,1.29958,0.35262,0.32877,7.64145,0.94098,-1.59962,6.34187,0.58836,2.55880,40.21934,0.34617
1.43443,1.17031,0.41119,0.23333,9.41680,0.80459,-1.20110,8.24649,0.39340,1.44265,68.00458,0.15476
1.56563,1.12839,0.30691,0.24556,10.23080,0.82732,-1.32007,9.10242,0.52041,1.74259,82.85402,0.27083
1.94876,0.76218,0.35921,0.62698,2.76660,1.17983,-1.32178,2.00443,0.82061,1.74710,4.01772,0.67341
1.42175,1.83870,0.13145,0.17338,16.98255,0.51804,-1.24837,15.14385,0.38659,1.55843,229.33623,0.14945
0.81812,0.85850,0.21251,0.19618,3.72556,0.33790,-0.62194,2.86706,0.12538,0.38681,8.22003,0.01572
1.52038,1.73816,0.15864,0.24519,14.94179,0.55262,-1.27519,13.20363,0.39398,1.62611,174.33584,0.15522
1.43382,0.96338,0.24749,0.50009,2.19682,0.61368,-0.93373,1.23344,0.36619,0.87185,1.52137,0.13409
1.10969,1.65775,0.29355,0.20975,6.60934,0.50886,-0.89995,4.95159,0.21531,0.80990,24.51824,0.04636
1.77520,0.93373,0.48090,0.34427,7.29752,1.11719,-1.43093,6.36379,0.63628,2.04757,40.49782,0.40485
1.46773,0.52545,0.48415,0.43871,3.15992,1.00329,-1.02902,2.63447,0.51915,1.05887,6.94044,0.26951
1.73399,0.51992,0.31681,0.77757,1.24670,0.81016,-0.95641,0.72678,0.49336,0.91473,0.52821,0.24340
1.25483,1.64772,0.29412,0.18178,16.19812,0.54700,-1.07306,14.55040,0.25288,1.15145,211.71402,0.06395
1.41967,0.73581,0.48494,0.42569,2.58077,0.91759,-0.99398,1.84496,0.43266,0.98800,3.40389,0.18719
1.70554,1.72673,0.49158,0.23689,12.42960,1.00882,-1.46865,10.70287,0.51725,2.15694,114.55139,0.26754
1.32037,1.31937,0.13579,0.22486,8.65391,0.50253,-1.09551,7.33454,0.36674,1.20015,53.79542,0.13450
1.58000,0.65175,0.34926,0.56498,2.18901,0.80402,-1.01501,1.53727,0.45477,1.03025,2.36318,0.20681
0.85352,1.57049,0.44947,0.12118,16.05812,0.61085,-0.73235,14.48763,0.16138,0.53633,209.89142,0.02604
1.14131,0.74129,0.38014,0.45017,1.37513,0.63915,-0.69114,0.63384,0.25901,0.47768,0.40175,0.06709
1.90424,1.27028,0.48011,0.35424,7.09216,1.16585,-1.55001,5.82188,0.68574,2.40253,33.89427,0.47024
1.20785,1.23547,0.43871,0.26874,4.08796,0.66647,-0.93911,2.85249,0.22775,0.88193,8.13669,0.05187
1.35916,0.85751,0.41758,0.36256,3.41120,0.76565,-0.99660,2.55370,0.34806,0.99321,6.52136,0.12115
1.92392,0.95765,0.16754,0.38120,5.10463,0.91272,-1.54272,4.14698,0.74517,2.37998,17.19747,0.55528
1.03484,1.17095,0.48621,0.18085,7.66562,0.69234,-0.85399,6.49467,0.20613,0.72930,42.18075,0.04249
1.63928,0.80898,0.38372,0.36316,6.05028,1.05309,-1.27612,5.24130,0.66937,1.62849,27.47124,0.44806
1.34561,0.80747,0.39680,0.31506,5.50560,0.77103,-1.03055,4.69813,0.37423,1.06202,22.07243,0.14005
1.02879,1.58403,0.22769,0.20719,5.30239,0.43195,-0.82160,3.71837,0.20426,0.67503,13.82626,0.04172
0.62291,0.79397,0.47751,0.91712,-0.10913,0.37079,0.29421,-0.90310,-0.10671,0.08656,0.81559,0.01139
0.90461,1.55360,0.36356,0.24662,2.51010,0.54445,-0.65800,0.95651,0.18089,0.43296,0.91490,0.03272
0.67047,0.50588,0.49978,1.29358,0.07737,0.19384,0.62311,-0.42851,-0.30595,0.38827,0.18362,0.09360
0.72690,0.92701,0.25039,0.31676,1.28005,0.33980,-0.41014,0.35304,0.08941,0.16822,0.12464,0.00799
0.65350,1.11575,0.47328,0.19631,3.15335,0.56417,-0.45719,2.03760,0.09089,0.20902,4.15181,0.00826
0.66260,1.81390,0.41326,0.09920,15.63169,0.47690,-0.56341,13.81779,0.06364,0.31743,190.93125,0.00405
1.91928,1.36966,0.31609,0.61042,22.63289,0.86105,-1.30886,21.26324,0.54496,1.71312,452.12521,0.29698
0.73218,0.95176,0.19959,0.13045,6.49493,0.32317,-0.60172,5.54317,0.12358,0.36207,30.72674,0.01527
1.97985,0.58389,0.15687,0.61664,3.15567,0.90763,-1.36322,2.57178,0.75076,1.85836,6.61405,0.56363
1.26791,1.29051,0.32464,0.18764,11.70986,0.62444,-1.08027,10.41935,0.29980,1.16698,108.56277,0.08988
0.81518,0.67450,0.48805,0.15955,7.75163,0.65661,-0.65563,7.07714,0.16857,0.42985,50.08585,0.02841
0.70344,0.71844,0.37897,0.31621,1.28227,0.46218,-0.38723,0.56383,0.08321,0.14995,0.31790,0.00692
1.76329,0.81396,0.12901,0.58406,2.11751,0.78218,-1.17923,1.30355,0.65317,1.39058,1.69925,0.42663
0.63563,1.92178,0.20342,0.07386,18.76911,0.28585,-0.56177,16.84732,0.08243,0.31558,283.83229,0.00679
0.68498,1.10146,0.24028,0.23063,2.21496,0.33311,-0.45435,1.11350,0.09283,0.20644,1.23988,0.00862
1.06003,0.72712,0.41938,0.38416,1.61143,0.63441,-0.67587,0.88431,0.21503,0.45681,0.78200,0.04624
1.44231,0.68206,0.49437,0.53883,1.35644,0.98824,-0.90348,0.67438,0.49386,0.81628,0.45479,0.24390
1.33115,0.76175,0.25148,0.66085,1.10598,0.62556,-0.67030,0.34423,0.37408,0.44930,0.11850,0.13994
1.84096,1.87969,0.13794,0.26665,13.73925,0.63224,-1.57431,11.85956,0.49430,2.47846,140.64910,0.24434
0.75018,1.69613,0.38804,0.08353,23.29449,0.49087,-0.66665,21.59836,0.10282,0.44442,466.48895,0.01057
0.52712,1.10049,0.31995,0.14110,3.62036,0.39107,-0.38602,2.51986,0.07112,0.14901,6.34971,0.00506
0.68072,1.77731,0.16265,0.23024,2.21869,0.25323,-0.45049,0.44139,0.09059,0.20294,0.19482,0.00821
0.64607,0.95460,0.35529,0.16376,4.46327,0.47866,-0.48231,3.50867,0.12337,0.23262,12.31075,0.01522
0.88350,1.04685,0.43747,0.19043,6.49443,0.61731,-0.69307,5.44758,0.17984,0.48034,29.67617,0.03234
1.57041,0.81127,0.32753,0.66015,1.28349,0.80228,-0.91026,0.47222,0.47476,0.82857,0.22299,0.22539
0.71418,1.08415,0.48068,0.13098,7.40138,0.58802,-0.58320,6.31723,0.10734,0.34013,39.90741,0.01152
0.96727,1.67439,0.27706,0.15882,10.92150,0.45208,-0.80844,9.24712,0.17502,0.65358,85.50920,0.03063
1.06429,1.05101,0.31038,0.23912,3.54344,0.56647,-0.82517,2.49243,0.25610,0.68090,6.21221,0.06558
0.90416,0.91628,0.47337,0.35395,1.74895,0.68232,-0.55021,0.83266,0.20896,0.30273,0.69333,0.04366
1.42715,1.26426,0.31830,0.28734,6.77218,0.70157,-1.13982,5.50792,0.38327,1.29918,30.33720,0.14690
0.57906,0.55635,0.38687,0.27632,1.09395,0.43357,-0.30275,0.53760,0.04670,0.09165,0.28902,0.00218
0.75235,0.78490,0.28428,0.16765,4.35957,0.42803,-0.58470,3.57466,0.14374,0.34188,12.77822,0.02066
1.73678,1.12656,0.12923,0.37640,5.83740,0.68739,-1.36037,4.71084,0.55815,1.85061,22.19198,0.31153
0.51104,1.27731,0.11501,0.12934,4.78609,0.15701,-0.38170,3.50878,0.04200,0.14569,12.31157,0.00176
1.51041,0.59735,0.28629,0.39709,3.11455,0.61749,-1.11332,2.51720,0.33120,1.23949,6.33628,0.10969
1.03516,0.74641,0.30149,0.57726,0.88491,0.43491,-0.45790,0.13851,0.13342,0.20967,0.01918,0.01780
1.86831,0.81402,0.11577,0.72392,1.70842,0.75650,-1.14439,0.89439,0.64073,1.30963,0.79994,0.41054
0.54176,0.86998,0.28385,0.18626,2.17689,0.36239,-0.35550,1.30690,0.07854,0.12638,1.70799,0.00617
1.34743,0.63221,0.26547,0.56404,1.09751,0.61587,-0.78339,0.46530,0.35041,0.61370,0.21650,0.12279
1.16090,1.78543,0.37368,0.18144,8.54587,0.62963,-0.97946,6.76045,0.25595,0.95934,45.70365,0.06551
1.83290,0.99361,0.22584,0.44834,3.86892,0.92732,-1.38456,2.87531,0.70149,1.91700,8.26741,0.49209
0.79874,1.13719,0.25422,0.34893,1.46396,0.37439,-0.44980,0.32677,0.12017,0.20232,0.10678,0.01444
1.19792,0.58736,0.20491,0.53889,1.35629,0.44594,-0.65903,0.76893,0.24103,0.43432,0.59126,0.05809
1.58217,1.91192,0.45265,0.24124,12.20535,0.83344,-1.34093,10.29343,0.38078,1.79810,105.95473,0.14500
0.67211,0.68921,0.31181,0.17502,3.53705,0.41658,-0.49710,2.84785,0.10477,0.24711,8.11022,0.01098
1.95322,1.22632,0.12544,0.35884,7.00117,0.62394,-1.59438,5.77486,0.49850,2.54206,33.34895,0.24851
0.78686,1.42314,0.26229,0.08744,22.25289,0.37856,-0.69942,20.82975,0.11627,0.48919,433.87846,0.01352
1.92319,0.90207,0.42459,0.45946,5.46789,1.06467,-1.46372,4.56582,0.64009,2.14248,20.84672,0.40971
1.64953,1.48692,0.42956,0.31113,7.06194,0.88050,-1.33839,5.57502,0.45094,1.79129,31.08079,0.20335
1.29227,0.69031,0.33700,0.36515,2.65482,0.69590,-0.92712,1.96451,0.35890,0.85955,3.85932,0.12881
1.07541,1.13656,0.38588,0.20784,5.28579,0.60998,-0.86757,4.14923,0.22410,0.75268,17.21613,0.05022
1.94903,0.69595,0.24873,0.49406,4.44728,1.10236,-1.45497,3.75133,0.85362,2.11695,14.07249,0.72867
0.62010,1.21168,0.10399,0.09056,13.65753,0.20093,-0.52954,12.44585,0.09694,0.28041,154.89907,0.00940
1.78177,1.52476,0.12093,0.32250,6.81299,0.63713,-1.45927,5.28823,0.51620,2.12947,27.96539,0.26646
0.84935,1.76799,0.39087,0.19717,3.70695,0.52578,-0.65219,1.93896,0.13492,0.42535,3.75956,0.01820
1.68881,0.78036,0.12666,1.91863,0.15755,-0.08049,0.22983,-0.62281,-0.20716,0.05282,0.38789,0.04291
1.85245,1.88929,0.10364,0.36134,38.23453,0.60070,-1.49111,36.34524,0.49707,2.22341,1320.97672,0.24707
1.18991,1.41046,0.17540,0.23531,5.89123,0.42149,-0.95460,4.48078,0.24609,0.91126,20.07735,0.06056
1.25418,0.71665,0.27683,0.39558,2.77721,0.72981,-0.85859,2.06055,0.45298,0.73718,4.24587,0.20519
1.64151,1.56952,0.24651,0.37839,36.51099,0.65010,-1.26312,34.94147,0.40358,1.59546,1220.90641,0.16288
1.36540,0.73226,0.24248,0.59900,1.41453,0.47584,-0.76641,0.68226,0.23336,0.58738,0.46548,0.05446
1.34317,0.50880,0.13140,1.35405,0.22324,0.12292,0.01089,-0.28556,-0.00849,0.00012,0.08154,0.00007
0.90603,1.05574,0.32757,0.29075,2.12912,0.50415,-0.61528,1.07338,0.17658,0.37857,1.15215,0.03118
1.20605,0.57372,0.17642,0.82059,0.49411,0.27741,-0.38546,-0.07961,0.10099,0.14858,0.00634,0.01020
1.78160,1.62350,0.20893,0.26673,13.73484,0.70558,-1.51487,12.11134,0.49666,2.29482,146.68450,0.24667
1.30022,1.39459,0.24641,0.25423,6.09929,0.52609,-1.04600,4.70470,0.27968,1.09411,22.13423,0.07822
1.30529,1.90486,0.22334,0.20281,9.59486,0.47896,-1.10248,7.69000,0.25562,1.21547,59.13615,0.06534
0.65277,1.59274,0.17987,0.08897,13.90055,0.29813,-0.56380,12.30781,0.11826,0.31787,151.48228,0.01399
1.10955,1.22761,0.31633,0.24856,4.41982,0.58478,-0.86099,3.19221,0.26844,0.74130,10.19022,0.07206
1.33381,1.54929,0.26481,0.24260,12.13690,0.60192,-1.09121,10.58760,0.33711,1.19073,112.09735,0.11364
1.00700,1.86030,0.33495,0.11619,21.62225,0.56962,-0.89081,19.76195,0.23467,0.79354,390.53459,0.05507
1.24190,1.84212,0.20707,0.17065,14.72178,0.50397,-1.07124,12.87966,0.29690,1.14756,165.88571,0.08815
1.79749,0.98093,0.17133,0.38814,5.66089,0.67024,-1.40935,4.67996,0.49890,1.98628,21.90201,0.24890
0.70247,0.94427,0.32891,0.15405,4.74455,0.46137,-0.54842,3.80028,0.13246,0.30076,14.44216,0.01755
1.63518,0.99800,0.39778,0.31809,6.90761,0.90584,-1.31710,5.90961,0.50806,1.73475,34.92345,0.25813
0.86952,0.59488,0.15268,0.98959,0.20278,0.06185,0.12006,-0.39210,-0.09084,0.01442,0.15374,0.00825
1.29137,1.48315,0.19328,0.21256,7.29489,0.55128,-1.07881,5.81173,0.35801,1.16383,33.77622,0.12817
1.05899,1.02756,0.31739,0.20037,8.65685,0.54416,-0.85861,7.62928,0.22677,0.73722,58.20598,0.05142
1.70482,1.34282,0.39635,0.30020,7.31917,0.96714,-1.40462,5.97636,0.57079,1.97295,35.71685,0.32580
1.35682,1.61810,0.25158,0.19571,12.83714,0.63357,-1.16111,11.21905,0.38199,1.34819,125.86702,0.14592
1.31763,1.49220,0.46131,0.17410,16.91225,0.82070,-1.14353,15.42006,0.35939,1.30765,237.77810,0.12916
1.78554,1.12266,0.13574,0.33840,6.49293,0.66546,-1.44714,5.37027,0.52972,2.09422,28.83979,0.28060
0.61329,1.74137,0.27107,0.08745,11.08542,0.35247,-0.52584,9.34405,0.08140,0.27651,87.31129,0.00663
1.94232,1.71089,0.28385,0.51258,26.95312,0.79114,-1.42974,25.24222,0.50729,2.04416,637.16987,0.25734
1.34475,1.91566,0.10153,0.15191,19.38322,0.40555,-1.19284,17.46756,0.30401,1.42287,305.11575,0.09242
1.21566,1.99185,0.37167,0.11776,31.10926,0.63962,-1.09790,29.11741,0.26795,1.20539,847.82359,0.07180
0.62969,0.50214,0.27983,0.00000,0.00000,0.36540,-0.62969,-0.50214,0.08557,0.39650,0.25215,0.00732
0.74610,0.92778,0.41714,0.47878,0.63135,0.48817,-0.26731,-0.29643,0.07103,0.07146,0.08787,0.00505
1.80504,1.45416,0.16589,0.27191,10.82859,0.75397,-1.53313,9.37443,0.58808,2.35047,87.87991,0.34583
1.98392,0.58212,0.24201,0.80546,1.53547,0.76112,-1.17846,0.95335,0.51911,1.38877,0.90888,0.26948
1.81212,1.90808,0.42204,0.24168,12.18333,0.92134,-1.57044,10.27525,0.49930,2.46630,105.58080,0.24930
1.09772,0.97537,0.28695,0.25301,4.88820,0.54653,-0.84471,3.91283,0.25958,0.71353,15.31027,0.06738
1.29023,0.58565,0.14422,0.34070,3.22460,0.39203,-0.94953,2.63896,0.24781,0.90161,6.96409,0.06141
1.60921,1.13948,0.23348,0.32118,6.84113,0.65754,-1.28803,5.70165,0.42405,1.65903,32.50881,0.17982
1.89876,1.78925,0.38391,0.26488,13.83067,0.89547,-1.63387,12.04141,0.51155,2.66954,144.99566,0.26169
0.82290,1.71666,0.17890,0.12567,13.80309,0.30496,-0.69724,12.08643,0.12606,0.48614,146.08188,0.01589
0.63351,1.26729,0.46741,0.20726,1.95632,0.54722,-0.42626,0.68904,0.07981,0.18169,0.47477,0.00637
0.73909,1.95203,0.46590,0.06041,32.21084,0.56271,-0.67868,30.25880,0.09681,0.46061,915.59512,0.00937
0.60760,0.84014,0.47260,0.74541,0.13427,0.43683,0.13781,-0.70587,-0.03577,0.01899,0.49826,0.00128
1.86438,1.45083,0.12876,0.36662,5.30774,0.54145,-1.49776,3.85691,0.41269,2.24330,14.87575,0.17031
0.76948,1.36711,0.48319,0.12380,8.87373,0.61902,-0.64567,7.50662,0.13582,0.41689,56.34941,0.01845
1.78389,1.15202,0.17714,0.39572,6.34871,0.69376,-1.38817,5.19669,0.51662,1.92702,27.00564,0.26690
0.80883,0.98253,0.28619,0.48629,0.62160,0.36352,-0.32254,-0.36093,0.07732,0.10403,0.13027,0.00598
1.19087,1.85114,0.47200,0.15297,16.42393,0.75557,-1.03791,14.57279,0.28357,1.07725,212.36615,0.08041
0.50548,0.98009,0.26871,0.09728,7.51333,0.31847,-0.40821,6.53324,0.04976,0.16663,42.68327,0.00248
0.84647,1.70287,0.44060,0.11680,13.27594,0.59772,-0.72967,11.57307,0.15713,0.53242,133.93595,0.02469
0.82304,0.93780,0.16910,0.21823,3.88257,0.32372,-0.60481,2.94477,0.15461,0.36579,8.67165,0.02391
1.90162,0.57270,0.18411,0.82771,1.32728,0.80624,-1.07390,0.75459,0.62213,1.15327,0.56940,0.38705
1.47373,1.54711,0.35526,0.20745,12.11058,0.72873,-1.26628,10.56347,0.37347,1.60348,111.58697,0.13948
1.92144,1.21276,0.22690,0.41987,4.63457,0.69217,-1.50157,3.42181,0.46526,2.25471,11.70880,0.21647
1.80073,1.50951,0.11879,0.31385,8.00480,0.59250,-1.48688,6.49529,0.47372,2.21081,42.18875,0.22441
1.82374,0.53018,0.40109,0.84884,1.14203,0.98812,-0.97491,0.61185,0.58703,0.95044,0.37436,0.34460
1.03974,1.31115,0.37092,0.22522,5.49125,0.59581,-0.81451,4.18011,0.22489,0.66343,17.47329,0.05057
1.93056,1.46317,0.21926,0.36424,10.05811,0.76019,-1.56632,8.59494,0.54093,2.45336,73.87303,0.29261
1.20622,0.79839,0.34067,0.19913,7.78682,0.72230,-1.00709,6.98843,0.38162,1.01424,48.83809,0.14564
1.62301,1.74189,0.40850,0.33189,41.62708,0.82619,-1.29112,39.88519,0.41770,1.66699,1590.82841,0.17447
1.75244,1.76380,0.22128,0.24428,14.99729,0.60473,-1.50816,13.23349,0.38345,2.27454,175.12520,0.14704
1.92035,0.86107,0.19598,0.50347,4.98995,0.92265,-1.41688,4.12888,0.72667,2.00756,17.04768,0.52805
1.86737,1.01843,0.34860,0.38101,7.72794,1.04158,-1.48636,6.70950,0.69297,2.20925,45.01745,0.48021
1.02596,1.06522,0.31342,0.13568,21.70154,0.52772,-0.89029,20.63632,0.21429,0.79261,425.85787,0.04592
1.70886,0.91951,0.17661,0.49340,3.14267,0.70611,-1.21546,2.22316,0.52950,1.47734,4.94246,0.28037
1.03461,1.62148,0.32028,0.23139,5.99124,0.52295,-0.80322,4.36976,0.20268,0.64516,19.09478,0.04108
1.97648,1.07522,0.16089,0.38776,5.01827,0.91130,-1.58872,3.94304,0.75041,2.52403,15.54759,0.56312
1.16859,1.75418,0.20599,0.16941,12.96974,0.52120,-0.99918,11.21557,0.31521,0.99837,125.78891,0.09936
1.09221,1.46907,0.16024,0.22006,4.99241,0.44102,-0.87215,3.52334,0.28078,0.76065,12.41390,0.07884
0.80778,1.23062,0.45130,0.18102,5.35531,0.59404,-0.62676,4.12469,0.14274,0.39283,17.01305,0.02037
0.67962,1.70398,0.19879,0.14937,4.89318,0.32407,-0.53025,3.18920,0.12528,0.28117,10.17097,0.01570
0.69652,1.40144,0.11372,0.11863,8.17162,0.21803,-0.57789,6.77018,0.10431,0.33396,45.83540,0.01088
1.14866,1.43476,0.12977,0.16545,10.48393,0.40531,-0.98320,9.04917,0.27554,0.96669,81.88746,0.07592
1.33506,1.60744,0.23424,0.15995,10.84431,0.53195,-1.17511,9.23687,0.29770,1.38088,85.31974,0.08863
0.52754,1.48099,0.34743,0.07760,12.49229,0.41417,-0.44994,11.01130,0.06674,0.20244,121.24867,0.00445
1.03508,1.38872,0.43423,0.14351,15.31076,0.67183,-0.89158,13.92203,0.23760,0.79491,193.82305,0.05646
0.80210,1.93854,0.34536,0.08752,22.23283,0.48675,-0.71457,20.29429,0.14139,0.51062,411.85818,0.01999
1.58050,1.87743,0.26322,0.20975,17.46580,0.67610,-1.37075,15.58837,0.41288,1.87894,242.99731,0.17047
0.59874,1.53886,0.32876,0.14523,3.51734,0.40838,-0.45351,1.97848,0.07963,0.20568,3.91439,0.00634
1.11504,1.22299,0.12818,0.20415,7.59528,0.40286,-0.91088,6.37229,0.27468,0.82971,40.60607,0.07545
1.19130,1.50696,0.16487,0.20868,8.31227,0.46000,-0.98262,6.80532,0.29512,0.96555,46.31235,0.08710
1.50358,0.68943,0.47831,0.44509,3.48380,0.90748,-1.05849,2.79438,0.42916,1.12041,7.80855,0.18418
1.57994,1.63072,0.18762,0.25090,11.73560,0.65887,-1.32904,10.10488,0.47124,1.76636,102.10866,0.22207
1.94355,1.83533,0.20814,0.30487,9.65792,0.54007,-1.63868,7.82259,0.33193,2.68526,61.19287,0.11018
1.37145,1.59483,0.26437,0.24998,7.78435,0.63969,-1.12148,6.18952,0.37531,1.25771,38.31012,0.14086
1.78962,1.18738,0.20497,0.35253,7.12644,0.84887,-1.43709,5.93906,0.64391,2.06523,35.27246,0.41461
1.62459,0.64523,0.29042,2.11781,0.14273,-0.27115,0.49322,-0.50250,-0.56157,0.24327,0.25250,0.31536
0.85044,1.11434,0.41203,0.27411,2.66640,0.52537,-0.57633,1.55206,0.11334,0.33215,2.40888,0.01285
1.40761,1.33984,0.29456,0.24304,8.00668,0.69142,-1.16457,6.66684,0.39686,1.35623,44.44677,0.15749
0.69662,1.64924,0.47298,0.17135,3.61273,0.56223,-0.52527,1.96350,0.08925,0.27591,3.85532,0.00797
0.66891,1.90098,0.17343,0.06469,23.96801,0.25009,-0.60422,22.06703,0.07666,0.36508,486.95361,0.00588
1.18448,0.75615,0.20688,0.35949,2.35693,0.51932,-0.82498,1.60078,0.31244,0.68060,2.56248,0.09762
1.57205,1.90656,0.46490,0.20961,10.48218,0.80694,-1.36244,8.57563,0.34204,1.85624,73.54139,0.11699
1.84263,1.95808,0.44373,0.42656,32.38799,0.87775,-1.41606,30.42991,0.43402,2.00524,925.97925,0.18838
1.16359,0.56910,0.31755,0.38127,2.22231,0.70833,-0.78232,1.65321,0.39078,0.61203,2.73309,0.15271
1.49285,1.15107,0.42777,0.35176,3.51595,0.85632,-1.14110,2.36487,0.42855,1.30210,5.59263,0.18366
0.57059,1.50282,0.44511,0.07263,17.02854,0.52422,-0.49796,15.52572,0.07912,0.24797,241.04791,0.00626
0.89793,1.85593,0.22827,0.15055,10.29919,0.37970,-0.74737,8.44326,0.15144,0.55857,71.28861,0.02293
0.78562,1.50493,0.10016,0.12537,6.75818,0.22938,-0.66025,5.25325,0.12922,0.43593,27.59666,0.01670
0.98107,1.94587,0.35663,0.10781,33.98252,0.56546,-0.87326,32.03664,0.20883,0.76259,1026.34638,0.04361
0.64183,1.63758,0.34241,0.11002,8.81110,0.41913,-0.53181,7.17352,0.07672,0.28283,51.45938,0.00589
1.31732,0.92526,0.47937,0.48480,1.74771,0.79223,-0.83252,0.82245,0.31286,0.69309,0.67642,0.09788
1.23917,0.74107,0.49131,0.31934,3.87292,0.72390,-0.91984,3.13185,0.23259,0.84610,9.80849,0.05410
0.69355,1.14547,0.20988,0.30897,1.31231,0.29307,-0.38458,0.16683,0.08319,0.14790,0.02783,0.00692
0.54682,1.95030,0.31064,0.06071,20.37100,0.37313,-0.48611,18.42070,0.06249,0.23630,339.32232,0.00390
0.55894,1.48236,0.27709,0.19847,1.52309,0.34318,-0.36047,0.04073,0.06608,0.12994,0.00166,0.00437
1.55430,0.60202,0.17752,0.54877,2.25368,0.61772,-1.00553,1.65167,0.44020,1.01108,2.72801,0.19378
0.82287,1.79244,0.47687,0.10174,15.24005,0.59663,-0.72112,13.44761,0.11975,0.52002,180.83822,0.01434
0.90275,1.48135,0.31345,0.22334,3.27260,0.51516,-0.67942,1.79124,0.20171,0.46160,3.20856,0.04069
1.26886,0.90166,0.28198,0.33417,3.70096,0.63450,-0.93469,2.79930,0.35252,0.87365,7.83609,0.12427
0.56330,1.24444,0.31778,0.08261,13.29954,0.39616,-0.48070,12.05509,0.07838,0.23107,145.32526,0.00614
1.31092,1.77440,0.29205,0.17455,14.39277,0.68820,-1.13636,12.61837,0.39614,1.29132,159.22326,0.15693
1.85136,1.51128,0.35331,0.31084,11.78606,0.82384,-1.54053,10.27478,0.47053,2.37322,105.57109,0.22140
1.29097,1.10418,0.33552,0.22416,9.80192,0.62846,-1.06680,8.69774,0.29293,1.13807,75.65067,0.08581
1.34173,1.53116,0.23017,0.17683,16.65135,0.64021,-1.16490,15.12019,0.41004,1.35699,228.62019,0.16813
1.71539,1.30487,0.21129,0.33584,10.90854,0.65727,-1.37955,9.60367,0.44598,1.90315,92.23050,0.19890
1.53592,1.35861,0.26181,0.24080,9.12484,0.72692,-1.29513,7.76622,0.46511,1.67736,60.31425,0.21633
0.76357,1.39567,0.26967,0.12422,8.84412,0.41172,-0.63935,7.44844,0.14205,0.40877,55.47926,0.02018
1.31511,0.95714,0.17272,0.28074,6.93141,0.49770,-1.03437,5.97427,0.32498,1.06992,35.69188,0.10561
1.08556,1.12366,0.28767,0.20303,6.82804,0.53159,-0.88254,5.70438,0.24392,0.77887,32.53996,0.05950
1.49868,0.92934,0.28404,0.35813,4.84349,0.73398,-1.14055,3.91415,0.44994,1.30085,15.32058,0.20245
0.91940,0.69111,0.35571,0.18440,5.95782,0.56191,-0.73500,5.26670,0.20620,0.54023,27.73817,0.04252
1.56192,1.33614,0.20241,0.26463,7.35321,0.64968,-1.29729,6.01707,0.44727,1.68296,36.20517,0.20005
0.90181,1.40601,0.44853,0.69413,0.43548,0.47538,-0.20768,-0.97053,0.02685,0.04313,0.94192,0.00072
0.88564,1.21918,0.24691,0.24517,2.52497,0.37984,-0.64048,1.30578,0.13293,0.41021,1.70507,0.01767
1.75493,1.47618,0.34567,0.32557,9.04377,0.84321,-1.42936,7.56759,0.49754,2.04306,57.26842,0.24755
1.24575,1.50112,0.10511,0.22669,6.11529,0.32414,-1.01906,4.61417,0.21903,1.03848,21.29057,0.04797
1.15920,1.24448,0.26146,0.25453,4.85897,0.55291,-0.90467,3.61448,0.29145,0.81842,13.06450,0.08494
1.71122,0.66403,0.25892,0.61356,2.01573,0.92865,-1.09766,1.35169,0.66973,1.20486,1.82707,0.44854
0.60886,1.77548,0.18514,0.09456,10.25138,0.28108,-0.51430,8.47590,0.09594,0.26450,71.84091,0.00920
0.69467,1.33523,0.47855,0.10208,9.49670,0.60309,-0.59260,8.16148,0.12454,0.35117,66.60969,0.01551
1.75539,1.99323,0.10903,0.39096,35.33725,0.57154,-1.36443,33.34402,0.46251,1.86167,1111.82383,0.21392
0.85882,1.68046,0.12255,0.12487,12.41718,0.33419,-0.73394,10.73672,0.21163,0.53867,115.27716,0.04479
